carbohydrate,protein,fat,salt
97,31,20,1174
63,18,9,1040
37,13,16,1291
60,9,19,1011
56,15,11,860
48,16,22,906
44,6,5,387
29,6,2,420
90,16,8,1250
54,17,7,911
76,22,16,1277
70,25,18,1234
93,35,29,1264
37,11,13,1213
66,50,13,1348
88,19,16,1363
53,11,9,936
59,14,7,887
76,9,20,1056
63,13,19,1017
69,32,20,804
63,8,5,1059
56,15,5,877
49,22,24,877
53,11,13,918
57,15,11,873
59,11,9,1093
52,13,9,849
38,4,4.5,416
36,9,20,403
46,10,12,411
80,15,10,973
82,16,17,854
111,11,12,996
105,16,13,889
48,9,13,1008
25,4,7,404
33,5,2.4,395
36,5,5,399
35,5,5,382
30,4,6,387
42,5,3.8,411
42,6,8,388
80,16,10,1059
78,23,17,972
76,13,47,821
75,16,23,976
77,18,16,1016
84,17,21,801
84,12,8,970
67,10,6,858
66,9,14,987
72,7,4.9,1084
61,6,4.7,860
63,12,10,934
47,7,4.1,415
79,14,26,968
73,13,24,909
235,59,47,1054
60,7,17,387
109,10,9,966
76,12,12,819
80,15,15,933
66,20,31,1065
57,11,12,908
62,13,12,821
61,13,9,800
80,18,14,1088
70,8,17,1081
68,13,15,1032
85,16,21,1076
52,13,30,879
70,17,14,819
82,16,17,1053
76,17,31,878
57,15,11,921
76,10,18,810
82,16,19,1075
75,21,22,953
47,7,7,415
55,15,9,848
79,16,12,982
79,15,14,945
49,11,20,867
56,12,9,809
60,10,8,890
62,13,11,928
70,13,10,1046
75,23,17,821
40,5,9,394
46,10,12,390
40,6,2.4,407
53,15,13,852
58,12,4.97,1048
58,12,14,1062
50,10,6,965
45,10,12,946
58,11,11,843
62,12,8,1045
62,12,13.24,838
57,14,18,1069
70,14,30,913
74,19,13,1008
36,4,2.1,405
60,10,2.7,900
72,7,11,398
54,10,6,1030
60,12,6,910
52,11,10,883
64,11,19,1014
49,8,12,1062
63,12,7,1008
54,15,23,1050
57,17,11,1090
54,10,5,1074
26,3,10,410
25,3,8,413
35,8,2.5,409
33,6,5,391
49,7,4,410
64,9,2.6,963
50,12,8,996
58,12,7,1073
46,8,9,853
59,5,9,418
54,10,8,839
56,13,10,1005
73,13,5,990
71,11,3.9,419
58,13,8,894
58,12,9,1038
69,13,6,1039
50,9,8,1047
51,10,13,891
62,8,3.75,1099
27,3,4.9,389
30,5,3.3,405
26,5,6,410
28,3,6,413
33,6,2.7,405
36,3,3,402
34,6,4,386
28,5,4,398
33,5,4,404
34,5,6,406
33,4,4.4,400
37,11,5,388
52,12,3.9,400
52,8,2.4,388
46,7,14,397
33,9,10,990
62,6,4.9,411
52,6,3.2,1052
47,7,8,1099
51,9,5,982
46,10,9,893
60,7,7,396
48,13,11,956
52,11,15,977
41,7,23,1074
58,8,6,920
49,10,9,837
62,14,13,806
63,16,12,987
81,15,6,911
72,14,20,1070
34,4,3.24,403
32,4,2.1,413
28,4,6,402
31,4,6,394
34,7,6,401
26,5,7,415
26,3,8,396
30,4,7,395
30,4,4.9,393
24,4,5,388
32,5,3.4,399
36,6,2.9,384
38,4,4.5,386
40,4,3,416
51,8,2.3,388
51,8,2.3,394
45,6,8,419
42,8,9,393
44,9,6,1019
51,8,3,1027
42,8,13,860
41,9,19,804
41,17,13,1038
47,9,15,882
58,10,14,1030
46,10,25,1091
49,14,11,1059
59,14,7,1057
48,13,12,880
55,13,9,1042
58,10,10,920
55,13,12,1030
50,11,8,872
68,13,17,899
36,5,1.27,393
58,11,7.51,1085
33,4,1.8,380
30,4,4,394
29,5,6,380
30,5,4.4,403
38,4,2,407
34,5,3.8,403
28,6,6,396
26,5,9,387
30,3,8,411
34,4,2.7,409
30,5,8,384
28,5,6,403
32,5,3.6,414
28,6,5,396
32,7,3.5,403
32,7,0,412
33,6,3.9,415
33,6,3.7,392
32,10,4.5,385
26,9,8,400
33,5,7,409
38,5,10,388
30,9,12,412
42,9,9,419
49,6,8,388
36,9,20,397
53,7,7,1063
52,6,11,412
37,11,13,1001
51,9,8,1017
63,14,6,886
51,16,11,940
56,10,19,912
57,10,4.8,828
43,16,12,943
59,11,9,910
61,15,11,867
25,9,3.6,382
27,10,3.1,388
30,4,4.8,398
34,4,4.1,385
27,5,6,390
31,4,5,415
32,4,6,404
36,5,2.5,403
35,4,4.2,390
33,7,4.5,399
29,6,8,402
53,11,13,977
90,11,7,405
80,16,24,805
29,6,7,388
46,10,12,393
52,6,11,380
36,9,20,409
43,9,11,380
38,4,4.5,399
42,8,9,407
54,10,10,1004
48,9,13,858
33,5,7,391
53,11,13,1073
49,6,8,391
37,11,5,948
31,5,9,383
52,11,10,1017
34,6,4,383
52,13,9,1030
51,8,2.3,387
33,5,1.9,406
49,7,7,388
58,11,6.2,1017
56,15,5,1032
33,7,4.5,398
60,10,8,819
38,5,5,418
31.93,3.9,2.39,420
32.25,4.27,2.68,417
33.39,3.19,2.37,413
27.1,3.68,3.68,1012
31.67,3.94,2.16,393
25.39,4.88,3.65,852
60.75,11.25,5.85,392
53.4,10.68,10.68,860
25.68,4.75,2.48,980
31.05,4.14,1.48,380
28.08,5.14,3.35,409
50,12,4.4,891
27.2,3.91,1.97,1053
29.42,4.3,1.73,409
45.4,5.9,4.3,978
30.75,3.66,2.27,397
29.29,3.66,4.64,405
25.49,4.08,3.39,801
25.19,4.24,2.94,933
21.15,4.86,5.56,954
21.61,3.62,1.74,1097
27.8,45.4,23,1096
24.9,50.2,19.5,1004
25.7,43.3,27.9,1025
68,11,23,902
59,16,42,816
20,6,12,1027
17,7,8,830
34,17,14,977
42,5,21,932
27,5,11,886
28,5,10,838
27,6,9,886
27,6,12,926
38,19,29,878
45,7,11,900
27,6,6,909
43,7,10,839
31,9,15,843
43,8,18,1052
57,9,23,1021
62,9,22,1099
62,10,26,1052
57,18,16,1031
60,18,17,908
85,20,64,1024
52,11,19,1066
48,11,30,986
41,10,16,883
54,11,23,899
36,4,7,921
47,5,15,880
51,22,26,1056
61,11,13,995
45,16,27,958
33,5,20,1057
46,11,17,902
33,6,11,920
52,13,9,991
42,14,26,1086
45,15,27,925
42,17,23,1016
35.6,9.6,20.5,972
56,11,20,1046
36,6,6,910
34,12,20,902
49,18,27,1086
60,17,37,1029
66,14,17,1023
34,7,15,955
36,19,17,816
52,8,13,953
63,12,12,936
39,16,35,915
30,8,16,876
25,10,29,1044
46,10,18,952
37,11,21,803
47,8,17,1070
35,8,9,897
49,13,7,922
56,15,21,1045
41,10,20,876
55,17,13,954
37,8,12,1068
41,11,21,898
44,10,30,846
40,13,16,1001
33,16,21,894
54,14,22,1028
25,5,12,920
23,7,22,859
35,16,21,1012
30,9,18,849
36,9,14,882
37,9,20,1008
36,11,25,1025
41,11,14,928
45,12,18,1039
34,9,37,1055
28,15,22,874
30,11,44,968
46,15,16,815
21,7,8,926
29,4,13,861
37,9,14,914
38,12,9,970
39,9,14,1025
39,7,13,862
30,6,31,895
42,16,23,919
53,9,12,809
46,10,16,1065
34,10,19,963
27,14,13,1033
37,9,32,1069
43,11,20,994
35,17,25,874
41,10,16,907
48,18,26,969
59,16,33,804
40,11,22,950
34,10,13,1093
36,13,22,948
36,13,22,1032
43,9,13,1005
38,14,15,859
43,11,23,1067
26,14,23,851
42,14,20,1081
40,13,26,1011
32,23,20,862
42,10,23,1048
47,16,26,884
42,21,13,1057
24,3,10,966
24,4,10,869
37,9,11,959
30,8,8,1096
30,8,12,1068
36,12,18,906
36,8,14,1092
32,16,22,844
49,12,18,851
38,14,21,904
40,9,10,1038
38,15,21,1080
48,16,22,977
27,19,45,1085
54,26,26.24,928
36,4,36,1095
25,10,10,855
38,9,13,882
32,12,11,864
36,11,12,832
38,10,23,874
35,8,27,908
33,16,26,909
39,14,14,978
40,22,9,901
36,13,17,824
36,16,14,956
32,11,13,844
25,11,25,1035
37,8,8,981
33,17,9,897
29,9,29,937
41,14,16,829
37,13,24,925
49,12,16,895
23,10,17,943
33,23,10,996
36,19,21,928
33,14,15,1007
31,12,21,1061
40,14,13,917
38,15,17,817
34,86,229,829
13,23,60,1085
68,89,256,1095
54,56,241,1001
24,10,19,982
50,11,11,844
53,15,23,1081
52,10,18,961
41,8,13,856
31,9,24,853
32,8,31,854
40,12,19,1027
41,10,25,893
30,8,21,1021
42,8,12,1058
46,17,15,943
39,11,19,954
42,13,21,1011
27,10,14,964
38,8,17,832
42,11,17,838
29,10,30,1000
42,11,23,1034
29,9,13,941
21,8,9,1076
21,8,13,949
27,9,11,1059
42,8,12,1074
44,10,12,860
28,6,13,910
22,7,12,1056
25,11,19,1039
68,11,23,1063
43,4,13,914
56,18,25,1080
59,16,42,917
2.7,19.12,19.12,1353
10.8,21.83,10.8,1406
2.47,11.48,3.83,1474
2.92,18.45,4.95,1394
3.38,15.52,13.95,1455
4.05,13.05,15.75,1478
2.7,19.8,10.8,1408
2.7,25.42,8.77,1510
1.8,23.85,5.4,1392
1.8,17.33,11.93,1350
1.8,17.33,17.33,1370
2.03,16.42,3.83,1533
2.92,17.55,4.95,1381
4.05,14.4,5.18,1470
48.6,15.13,24.77,820
67.77,12.28,15.22,954
52.27,12.49,20.65,801
56.17,17.81,16.65,842
26.75,9.55,11.73,1024
62.56,21.39,17.04,1097
68.72,20.6,23.26,912
63.27,18,16.82,1025
44.87,18.75,18.36,934
23.05,6.68,5.9,983
46.74,18.34,12.7,982
54.82,20.34,29.31,1079
57.78,22.96,22.27,831
57.35,22.76,29.33,989
67.16,17.99,16.52,880
53.59,17.58,22.01,958
60,14,72,1073
116,8,61,902
53,21,63,945
44,8,11,989
23,18,8,1100
17,5,9,833
14,6,5,951
15,7,6,912
13,7,13,911
23,20,7,416
24,22,8,471
26,23,8,542
29,21,8,377
25,16,13,626
38,13,9,914
30,19,14,598
24,7,13,969
28.82,0.89,0.21,432
40.07,2.17,0.48,523
40.85,1.86,0.47,1035
38,6,17,730
23.02,0.89,0.17,928
37.9,5.1,5.5,577
27.85,9.44,12.47,375
25.29,1.03,0.21,341
20.57,1.12,0.11,477
21.19,1.11,0.09,687
17.77,1.02,0.38,1023
20.52,1.42,0.06,961
22.79,1.09,0.17,902
29.79,8.06,12.15,438
71.84,9.13,20.74,786
64.21,16.63,22.25,383
21.74,1.59,5.99,834
31.95,6.53,3.77,526
31.95,6.53,3.77,990
32.5,5,12,368
27.3,4.2,10.08,845
58.4,15.23,27.9,520
50.74,13.46,24.03,836
58.05,22.32,22.28,630
23.32,12.61,12.01,770
19.39,2.91,1.72,922
24.33,4.12,7.68,321
14.68,2.87,7.95,352
18.56,9.72,12.96,909
32,20,13,995
38,8,7,620
23.92,9.81,5.15,538
23.92,9.81,5.15,853
58,20.95,19.37,920
9.36,16.84,3.37,810
29.3,10.4,15.4,891
28.3,6,6.7,724
35,11,3.2,565
30.3,6.9,4.7,587
23.5,18.8,5.4,776
50,9,8,355
23.6,8,10.3,407
15.6,9.75,7.8,567
30.8,9.6,11.4,846
24.35,15.13,8.98,629
14.08,5.21,1.24,1026
56.88,13.61,27.13,835
24.17,7.53,8.06,321
17.2,4.3,6.5,503
26.29,5.35,12.19,639
6.19,0.79,0.07,693
11.79,21.17,5.36,786
22,10,13,880
25.28,12.88,25.33,780
14,21,4,562
14.36,5,2.86,598
15.55,7.56,10.39,810
15.4,11,19.8,1023
15.75,15.75,6.75,830
10.97,9.46,14.55,398
29.4,8.51,10.96,389
13.65,7.38,6.49,519
10.43,6.67,4.76,368
31,30,2.5,893
37,9,12,1051
8.67,1.55,0.22,449
49.4,18.2,20.8,957
39.45,18.41,18.41,789
42.16,24.8,17.36,471
12.5,17.5,17.5,474
2.75,1.03,0.09,342
18,14,14,1018
19,15,22,1084
32,13,16,543
28,8,4.3,433
13.75,7.85,12.09,716
2.08,0.95,0.09,831
2.68,0.76,0.2,456
29,15,16,331
58,19,20,733
34,15,10,972
3.11,1.12,0.17,761
34,15,10,1070
18,13,11,550
20,20,5,361
47,15,13,981
4,21,4,458
2.7,1.94,0.17,972
21,30,2.5,735
41,9,7,486
39,9,7,630
1.27,0.13,0.57,599
8,2.3,0,946
54,11,10,1091
46,8,7,1047
44,11,8,1010
55,7,8,998
65,10,6,935
53,10,11,938
54,7,3.7,931
40,9,10,1097
33,6,6,967
55,6,12,898
55,9,12,1037
48,9,17,1036
49,10,18,920
50,6,12,962
95,16,12,1015
95,18,16,856
50,10,14,870
50,11,15,1027
34,6,4,1098
33,5,1.9,959
55,9,12,1079
93.8,20.5,11.2,1239
84.8,30.9,19.4,1306
68.8,19.2,10.1,1118
90.7,16.6,13.1,1216
98.7,24.6,22,1135
80.2,11.9,15.9,1178
10.16,0.29,0.16,1
10.78,0.69,0.09,1
10.17,0.55,0.08,1
8.48,0.49,0.08,1
9.74,0.4,0.08,1
11.18,0.71,0.14,1
10.41,0.48,0.14,1
12.39,0.59,0.12,1
8.2,0.29,0.41,1
10.3,0.4,0.13,1
18.32,1.51,0.94,1
19.67,1.58,1.27,1
15.18,0.55,0.22,1
14.82,0.44,0.25,1
14.91,0.4,0.24,1
14.28,0.46,0.15,1
20.2,0.49,0.22,1
18.5,0.2,0.18,1
12.75,0.7,0.16,1
13.88,0.45,0.08,1
17.48,0.33,0.07,1
13.13,0.35,0.15,1
13.14,0.4,0.06,1
15.75,0.37,0.13,1
15.4,0.39,0.09,1
14.16,0.31,0.06,1
18.11,0.29,0.17,1
15.68,0.27,0.6,1
13.9,0.3,0.15,1
12.8,0.99,0.11,1
10.04,0.53,0.1,1
10.56,0.82,0.08,1
12.56,0.54,1.14,1
53.06,0.21,0.21,1
17.27,1.6,1.83,1
18.96,0.34,0.75,1
17.96,1.52,2.2,1
9.36,0.03,0,1
11.45,0.17,0.01,1
11.81,0.92,0.16,1
55.87,0.14,0.26,1
15.73,0.4,0.27,1
15.08,0.5,0.1,1
17.66,0.38,0.1,1
16.9,0.5,0.1,1
13.66,0.41,0.04,1
18.9,0.6,0,1
18.8,0.6,0.1,1
60.45,1.59,0.05,1
17.76,0.29,0.04,1
18.36,0,0.04,1
55.7,0.3,0.1,1
11,0.1,0.1,1
68.61,1.94,0.16,1
57.45,1.93,0.08,1
10.23,4.5,2.04,1
9.9,0.6,0.1,1
12.3,0.1,0.1,1
12.3,0.1,0.1,1
13.2,1,0.1,1
16.2,1.2,0.2,1
76.2,1,0,1
10.4,0.2,0.1,1
11.6,0.3,0.1,1
12,0.6,0.2,1
18.77,1.19,0.13,1
13.82,1.74,2.16,1
16.2,1.6,0.4,1
27.56,1.45,0.1,1
72.57,3.73,0.25,1
71.3,2.2,0.2,1
27.1,2.3,3.3,1
8.9,0.8,0.2,1
82.8,0.5,0.2,1
8.5,0.7,0.07,1
7.2,0.8,0.1,1
75.05,0.56,0.11,1
10.54,0.7,0.2,1
6.69,0.25,0.23,1
8.42,0.42,0.07,1
11.94,1.2,0.65,1
11.94,1.2,0.65,1
20.87,0.65,0.21,1
9.3,0.71,0.08,1
8.6,0.4,0.2,1
15.14,1.31,0.1,1
74,4.9,0.4,1
16.4,1,0.1,1
14.47,0.85,0.08,1
15.97,0.72,0.1,1
7.71,0.04,0.01,1
17.5,0.6,0.2,1
7.8,1.1,1.1,1
8,1.2,0.7,1
8.1,0.7,0.6,1
10.5,0.9,0.2,1
21.8,0.3,0.2,1
5.1,0.5,0.1,1
9.64,1.5,0.04,1
9.6,0.7,0.1,1
20,0.7,0.4,1
14.3,0.6,0.1,1
77.22,4.75,3.01,1
19.4,0.5,0.1,1
13.47,0.74,0.09,1
63.6,5.1,0.9,1
11.51,0.82,0.11,1
21.94,1.1,0.1,1
78.5,3.8,0.4,1
69.32,2.07,25.67,1
12.3,0.3,0.1,1
12.8,0.4,0.1,1
10.4,0.3,0.1,1
12.35,0.3,0.04,1
8.6,0.4,0.3,1
12.7,0.2,0.1,1
12.01,0.26,0.04,1
12.29,0.29,0.04,1
13,0.3,0.5,1
11.76,0,0,1
14.9,1.7,0.1,1
17.6,0.6,0.1,1
17.1,1.2,0.1,1
15.2,1,0.2,1
75,2.6,0.1,1
10,1.8,0.7,1
13.1,0.59,0.04,1
16.51,0.38,0.05,1
15.59,0.19,0,1
16.04,0.28,0.02,1
7.85,0.93,0.05,1
13.03,0.4,0.04,1
19.95,0.31,0.02,1
20.29,0.44,0.05,1
19.62,0.19,0,1
11.18,0.74,0.79,1
13.02,0.29,0.03,1
51.98,0.66,0.03,1
8.69,0.67,1.13,1
15.38,1.4,0.41,1
12.57,0.55,0.09,1
83.57,4.45,1.11,1
10.07,0.81,0.26,1
22.06,0.65,0.33,1
70.22,0.21,0.11,1
11.95,0.29,0.2,1
19.8,0.3,0.1,1
71.8,1,1.6,1
15.1,0.7,0.3,1
13.58,0.2,0.77,1
14.16,0.27,0.04,1
13.36,0.3,0.03,1
15.17,0.21,0.04,1
11.7,1,0.2,1
66.2,0.2,0.1,1
13.55,1.35,0.22,1
76.6,3.6,0.5,1
23.83,0.87,2.82,1
7.12,1.2,0.05,1
68.39,3.21,0.18,1
12.34,0.63,0.04,1
9.9,0.2,0.1,1
75.36,0.46,0.03,1
20.71,0.29,0.2,1
4.6,0.8,0.6,1
7.83,0.79,0.05,1
9.26,0.65,0.05,1
9.7,1,3.8,1
19,1.2,0.1,1
15.41,0.82,0.21,1
17.45,1.08,0.23,1
6.2,2.5,18.7,1
9,0.7,0.1,1
10.5,0.1,0,1
8.39,0.94,0.81,1
15.2,1.1,0.3,1
18.4,0.66,0.5,1
14,0.8,0.4,1
12,2.6,0.3,1
61.4,0.4,0.1,45
10.5,0.7,0.2,55
11.4,0.06,0.01,65
8.94,0.5,0.04,33
12.4,0.7,0.1,55
10.04,0.66,0.05,56
7.5,0.7,0.1,1
12.8,2.1,3.3,1
61.3,8.5,13.5,1
3.4,0.8,12.3,600
5.34,1.09,12.36,600
10.3,1,0.4,535
11.2,0.9,0.2,686
13.9,1,0.1,71
10.28,0.87,0.06,421
12.54,0.93,0.09,700
14.21,1.02,0.09,385
60.2,0.5,0,96
11.9,2,12.9,49
5.3,0.5,0.6,884
58.7,2.8,0,932
8.4,0.6,0,711
0,0,0,650
11.47,0.64,0.05,693
7.92,0.84,0.05,456
10.3,0.6,0.1,452
11.1,0.3,0,72
9.7,0.1,0,607
11.13,0.58,0.09,403
7.93,0.58,0.1,950
23.25,1.72,0.64,648
23.94,0.36,0.14,797
11.01,1.57,0.29,213
11.23,1.33,0.04,357
5,0.9,0.7,309
16.9,1.59,0.06,36
33.21,0.18,0.02,544
34.11,0.02,0,309
12.6,0.4,0.4,363
11.97,0.46,0.13,298
85.73,0.25,0.58,915
13.52,0,0.1,742
14.8,0.8,1,122
13.73,0.77,0.26,453
16.08,0.93,0.63,170
49.68,0.25,0,498
18.5,1.3,1.5,537
14.32,0.46,0.04,573
19.18,0.31,0.04,580
18.81,0.13,0,521
17.4,0.3,0,953
12.87,0.36,0.12,360
11.52,0.39,0.03,169
9.8,0.7,0.1,424
7.03,0.38,0.04,138
10.47,0.65,0.07,949
9.95,0.75,0.09,1086
4.83,0.52,0.07,1073
22.58,1.68,1.55,1085
16.2,0.8,0.4,451
14.45,0.67,0.18,621
13.6,0.39,0.05,16
78.89,2.64,0.53,1015
17.12,0.14,0.02,149
18.25,0.59,0.05,61
13.59,0.61,0.05,529
15.01,0.71,0.13,1059
12.63,0.41,0.03,747
12.1,0.42,0.03,796
16.2,0.2,0,731
72.6,0.28,0.03,186
12.92,0.24,0,240
14.77,0.37,0.13,837
12.1,0.3,0.3,783
14.5,0.3,0.2,250
14.03,0.23,0.01,282
12.62,0.66,0.01,272
9.97,0.61,1.05,610
19.3,0.2,0.4,285
18.52,0.19,0.03,848
11.97,0,0,44
24.9,3.62,3.77,318
33,10,4.2,124
34,10,3.7,741
66.2,8.7,10.1,19
70.1,6.8,11.8,1080
12.9,22.2,29.4,789
62,9.9,24,88
66,8.5,22,212
22,3,7,571
20,4,8,971
22,3.3,12.8,742
23,6.5,4.8,816
26,7,7,595
22,5,6.9,740
26,7,7,136
23,11,11,247
24,2,2.6,564
31.2,3.2,3,555
24,2.4,1.8,891
22,2,4.2,419
24,2,2.3,492
24,2.3,2.4,612
29,7,7,1012
80.93,5.56,9.75,189
84.66,5.81,3.65,679
4.8,0.9,1.8,683
4.8,0.9,1.8,589
4.8,0.9,2.1,809
5.1,0.9,1.2,371
6.84,0.72,1.08,868
6.21,0.86,1.29,900
6.43,1.07,1.5,1055
6.22,0.98,1.15,743
7.29,0.49,0.61,870
20,5,4.8,465
12,12,14,240
9,10,11,719
1.2,1.2,1.35,792
7.87,6.2,5.31,1094
77.65,37.38,24.58,216
73.02,30.25,22.94,829
10.82,6.81,7.42,173
48,18,13,493
40,15,11,183
36,14,10,794
47,22,15,65
40,19,13,407
36,16,12,230
50,26,18,439
44,23,15,25
38,20,13,828
50,24,15,801
43,21,13,605
37,18,11,900
9,1,0.7,466
20,7,4,871
20,7,4,120
17,8,12,272
40,4,12,13
91,9,27,803
35,14,27,799
19,7,10,940
16,5,12,602
17,10,8,213
4,7,5,21
33,8,9,452
32,11,19,998
22,3,23,500
29,12,13,267
0.08,0.8,1,1066
0.08,0.8,1,613
0.08,0.76,0.92,563
3,23,22,602
1,2.5,5,887
3,21,24,47
0.5,3,5,636
0.5,4.5,6,712
1,4,4.7,297
1,2.3,4.3,711
1,4,4.7,926
1,2.5,4.5,1094
1.4,3.1,4.5,32
1,4,3,438
1,4.3,4.8,136
41.34,5.89,10.82,131
0.12,0.92,0.96,979
63,9,16,253
84,13,18,1074
84,16,18.8,920
21,4,4.7,809
20.31,2.31,6.92,497
21,3,12.5,857
18.89,1.11,2.78,754
18,2,12,761
19,3,10,44
40,5,20,447
13,2,7,467
4,3,2.4,665
4,3,2.4,977
4,3,2.4,389
5,2,3.7,473
13,6,10,224
15,6,4.4,909
4,3,2.9,340
89,24,30,786
81,36,47,871
19,5,20,93
82,11,17,412
4,2,1,362
3,3,1.5,620
4,3,4.2,127
5,2,3.7,50
3,2,2,617
4,2,1.8,94
3,1,0.9,1092
4,3,3,977
2,2,2.1,528
4,3,1.4,733
4,2,1.8,961
0,4,5,739
0.5,3,5,968
0.5,3,5,437
1.7,5,9,1076
1,2.7,5,113
0.6,4,5,131
1,2,4,259
1,3,4.3,727
1,4,5,921
1,4,6,737
1,3.5,5,231
4.1,7.7,7.1,1062
1,3,5,932
1,3,5,768
0,3,5,911
0.6,3,4.4,930
1.5,3,3,620
2,23,32,237
0.5,3,4.1,437
0.37,3,5,232
26,5,3.6,249
48,18,12,979
50,16,13,832
8,6,13,836
8,20,8,421
27,10,8,780
54,11,17,830
25,9,8,424
51.9,20,7.1,165
51,19,14,554
68,15,10,573
43,13,24,965
70,13,14,1092
47,14,18,496
52,16,13,1051
38,11,22,1100
41,29,10,987
17,5,9,1019
29,12,11,201
13,2,4.6,187
27,5,11,659
27,6,9,381
27,6,12,308
29,6,9,514
50,19,7,913
58,10,8,177
38,22,19,1098
37,21,14,112
48,19,17,994
48,26,20,853
12,2,25,646
52.6,8,9.5,251
46.7,7.1,8.4,713
32.1,21.7,3.8,485
41.99,7.71,15.44,1002
32,10,6,22
29,6,25,1096
30,7,21,469
27,6,6,133
30,10,17,237
41,9,8,360
38,6,15,560
29,13,14,210
35,9,12,107
21.1,10,8.2,711
31,9,15,799
25,16,15,361
23,14,18,889
48,6,2.2,1062
17,9,12,469
15,10,13,718
15,11,14,261
21,20,8,52
51,12,5,166
50,17,17,240
54,14,12,699
35,12,16,813
38,16,16,642
75,16,23,438
77,18,16,257
23,6,15,547
35,7,11,998
34,15,16,363
24,6,13,46
6,9,2.3,651
14,2,2,307
17,3.5,8,242
17.4,7.1,3.3,501
29,12,21,497
17,7,4.1,827
26,7,11,381
19,2,7,930
16,3,11,700
15,5,3,821
10,6,4.9,745
18,1,3,39
30,14,16,1028
61,10,15,757
11,1,0,135
80,32,50,159
47,19,13,148
28,6,13,234
26,8,14,1070
24,7,12,91
46,11,11,982
26,7,16,787
34,7,16,570
38,20,24,294
27,8,10,135
10,2,3.3,1065
52,21,14,311
34,10,42,130
85,25,42,1092
33,5,4.5,225
12,2,14,288
16,4,7,12
38,13,9,304
242.98,14.54,6.59,115
28.35,15.37,7.57,430
35.54,16.17,12.92,981
53,14,12,561
243,37,52,638
49,11,19,885
65,11,25,920
26,15,23,409
118,37,55,20
84,34,30,630
43,8,18,418
79,35,38,695
57,9,23,788
235,59,47,35
52,10,11,944
62,9,22,784
118,48,36,617
25,9,24,616
48,26,34,570
57,18,16,709
60,18,17,843
88,54,43,131
97,42,101,777
53,15,22,552
74,35,44,441
41,10,16,369
26,13,15,1030
46,13,16,172
51,22,26,444
51,22,26,704
80,34,78,304
46,11,17,572
59,13,17,1057
53,36,34,377
63,23,14,568
146,51,34,890
23,11,8,475
56,6,16,911
52,13,9,874
47,17,28,241
42,14,26,956
45,15,27,816
42,17,23,882
56,11,20,306
44,15,25,915
34,12,20,690
45,29,28,1035
57,19,32,213
61,22,42,633
21,2,3,179
36,16,12,390
45,12,23,44
49,16,17,589
39,16,27,1048
45,16,22,84
57,15,16,387
118,59,43,711
125,52,44,123
30,8,16,1022
32,15,11,415
33,11,32,995
42,13,23,233
33,14,24,187
36,13,32,1046
58,24,14,158
58,24,14,221
47,23,36,972
70,8,17,336
68,13,15,486
38,6,17,113
17,32,27,1005
49.3,16,14.6,642
25,8,25,925
69,7,17,447
71,8,18,717
41,13,28,699
26,17,30,233
46,17,20,1084
67,23,14,724
26.71,5.6,10.21,976
29.79,8.06,12.15,1060
68,17,9,513
27,6,9,331
35,15,16,1059
36,11,25,469
32,10,30,159
41,11,14,923
35,12,19,793
45,12,18,267
38,18,30,982
45,16,28,977
50,21,19,786
46,26,18,954
60,14,6,1019
58,22,10,757
82,16,19,214
79,23,22,370
58,26,22.37,1015
28,5,12,588
27,6,21,254
42,10,18,899
86,11,16,1078
34,13,25,890
48,15,15,379
44,16,17,731
42,16,23,204
42,17,24,681
36,15,26,319
36,15,26,434
37,19,26,911
43,11,20,1021
47,20,7,541
55,15,9,792
44,14,5,414
70,14,15,213
52,20,4.9,219
79,15,14,121
69,20,23,812
36,6,15,635
30,4,16,962
36,10,28,995
16,9,11,924
31,12,17.68,993
66,8,14,235
18.56,9.72,12.96,481
29,16,19,834
34,16,14,984
38,14,15,50
26,14,23,228
42,10,23,161
66,21,38,1012
53,24,15,256
72,10,17,325
30,6,23,218
38,8,7,333
42.5,15.3,22.1,916
23.7,11.6,7.8,1014
45,11,34.4,421
23.6,8,10.3,182
26,7,11,961
63,9,16,958
29,22,10,34
36,12,17,531
36,14,15,122
15,22,14,826
51,18,20,1068
41,19,8,534
53,15,13,12
56,26,28,431
58,12,14,910
58,11,11,396
42,10,31,1009
57,14,18,734
64,13,5,753
75,16,28,1092
68,12,21,686
30,20,7,1083
14,15,33,186
13,15,33,536
42,19,30,546
22,7,11,255
35,6,40,440
35,6,40,120
25,12,12,281
20,6,5,840
17,11,28,781
63,9,16,107
27,7,29,527
38,10,23,740
33,16,26,618
39,14,14,25
50,19,18,773
32,14,36,746
32,14,36,590
37,24,17,683
36,16,14,525
46,16,21,30
34,18,9,352
23,19,18,1014
52,11,10,276
43,14,18,19
55,15,4,1062
71,13,17,710
32,3,2.3,511
71,44,49,218
72,31,46,275
13,14,23,575
14,9,8,908
15.55,7.56,10.39,1030
22,27,18,1042
32,7,7,325
30,10,7,623
35,4,2.7,1025
34,14,17,536
49,7,4,675
54,7,4.2,692
41,14,16,764
45,13,14,705
50,12,8,910
46,8,9,816
50,9,8,245
73,17,28,120
68,18,20,505
61,7,12,183
24,10,12.95,47
75.9,31,64,1060
42.9,12.4,8.3,610
26,12,11,32
25,7,10,737
26,5,6,327
23,10,17,165
37,11,5,976
36,19,21,1017
40,9,10,666
33,14,15,758
59,19,16,736
52,6,3.2,435
58,6,13,638
69,15,12,101
70,22,20,167
69,18,34,308
104,37,27,1025
7,9,11,572
34,86,229,690
14,3,10,720
60,11,12,415
17,3,3,242
33.6,17.5,7.2,1046
30,5,4.9,32
2.09,4.1,3.4,760
2.7,4.66,4.11,121
15,24,6,875
18,7,15,803
50,20,18,152
31,17,27,535
30,12.4,11.3,797
26,5,7,1082
39,5,4.7,228
32,15,14,247
39,6,5,670
37,8,5,63
55,13,9,612
58,10,10,565
55,13,12,345
60,17,21,156
10,6,4.6,429
6,2,2.2,329
4,4,3.9,576
2.56,4,8.07,385
34,59,29,324
5,3,2.1,541
31,5,4.2,91
34,5,12,240
33,5,2.5,823
30,5,5,115
36,5,4.6,152
35,14,8,475
26,12,9,623
63,14,6,277
51,16,11,37
75,11,10.5,416
61,15,11,759
52,19,20,687
77,9,11,392
42,19,11,2
3,3,1.9,684
26,19,5,418
25,4,0.5,449
36,4,3.6,524
29,6,8,577
20.55,5.7,6,51
32,5,2.8,998
29,6,7,525
46,18,18,844
33,16,6,611
42,12,32,74
37,17,26,989
13,4,15,417
31,5,1.8,113
24.5,36,34.7,310
39,4,7,293
15,6,9,466
30,6,2.3,261
30,5,2.3,28
70,9,18,998
36,12,13,812
23,14,11,1063
64,7,25,758
64,0,21,742
60.2,5.2,29.8,598
72,9,15,794
68,7,23,778
67,7,22,31
70,7,21,739
108,10,48,876
73,10,36,646
60,6,29,486
65.3,9,20.6,52
62,5,27,228
120,20,40,852
62,7,27,656
54,7,32,115
48,7,41,1096
68,6.1,24,584
57,3.5,39.3,1074
70,5,17.5,284
20,2,5,226
61,4.8,29.9,1065
66,11,16,649
54,4,39,372
68,6.1,24,466
62,8,25,1034
48,7,41,123
20,2,5,939
78,8,10,382
47,4,18,361
63,7,24,1026
59,8,72,154
62,7,26,44
16,2,4.5,72
21,3,12.5,927
21,4,11,260
18,4,12,902
21,5,7,716
27,3,7,617
16,2.3,2.2,319
24,4,8,778
20,5,14,771
50,5,15,605
18,2,12,774
37,5,17,316
17,4,10,578
38,4.4,15,735
20,3,13,255
23,2.9,7,640
22,2.9,7,344
21,3,16,163
35,4,16,498
26,3,9,34
25,3,17,869
16,2,12,996
23,3,5,262
20.98,1.73,8.17,7
26.88,1.48,4.12,138
29,3,7,132
19,3,10,669
32,3,10,416
21,3,10,399
20,2,12,181
17,2,5,370
45.2,18.5,31.9,795
15,2,9,756
18,1,4.9,577
27,3,26,499
26,3,11,538
33,3,23,345
28,18,50,116
66,5,23.8,844
54,4,33,185
28,3,3.5,191
10,6,22,709
78,11,13,346
44,8,8,871
53,11,3.8,804
62.7,5.9,9.5,813
24,4,3.7,740
29,5,16,418
29,5,16,294
35,6,19,665
39,5,10,546
50,14,17,714
61,6,10,543
36,6,15,184
139,25,34,230
34,9,22,980
23,3,10,855
34,5,23,974
73,21,31,230
98,34,48,450
42,12,9,70
52.5,4.9,1.4,58
49,9,27,774
65,14,12,658
50.1,17,8,1076
52,14,8,999
50,16,10,813
22,6,13,801
39,16,23,769
120,32,112,186
9,2,6,4
10,2,6,221
17,4,10,827
11,2,6,1053
49,20,11,210
29,9,27,1032
44.8,13.3,7,769
45,6,13,520
59,6,13,1099
25,3,7,550
57,9,7,603
58,25,5,596
52,6,17,840
32,6,24,577
96,38,35,667
54,14,17,416
34,7,12,297
14,10,2.7,277
39,8,25,1048
50,10,11,253
43,5,19,309
57,6,12,251
37,5,16,70
39,5,21,419
32,14,11,533
21,3,12,1042
51,5,16,284
36.3,8.4,17.4,906
115,54,35,1094
20,2,12,41
191,39,92,485
41,12,35,248
42,4,10,1022
51,5,10,360
37,4,7,687
35,7,18,928
26,12,11,25
41,12,35,744
54,17,6,48
88,54,43,476
63,9,33,955
23,6,14,252
112,14,44,189
24,3,9,878
14.3,2.94,1.62,12
14.3,2.94,1.62,413
43,11,16,137
39,5,16,849
49,11,19,355
40,6,10,1026
39,11,32,800
26,7,11,723
125,52,44,642
30,10,7,220
121,48,32,206
32,7,7,58
118,59,43,259
23,3,10,568
360,60,120,1100
30,10,11,942
34,6,26,6
49.3,16,14.6,323
35,6,39,132
118,37,55,220
118,48,36,688
20,6,5,353
28,8,7,661
26,11,6,579
60,11,60,307
34,11,8,663
133,11,48,263
130,22,61,333
117,23,56,439
55,10,28,395
78,26,19,38
35,8,20,825
52,15,40,480
25,2,9,415
142,50,38,58
23,11,8,883
131,56,41,117
69,16,71,292
72,18,85,761
54,5,12,235
57,8,19,724
56,6,11,1036
57,15,16,349
4,4,16,54
17,4,13,903
19,3,11,855
14,4,16,797
20,4,35,401
31,5,11,845
26,3,13,753
32,4,11,788
24,3,13,124
37.4,9.1,23.3,305
38,6,26,319
50,6,19,634
26,3,11,290
34,6,22,915
42,5,23,407
152,20,33,813
138,72,63,1025
151,67,55,790
10.55,1.29,4.52,227
118,67,60,786
8.57,1.24,5.1,419
8.7,1.3,5.9,259
126,52,30,550
9,1.35,5.3,889
130,21,65,911
25,7,11,964
152,20,33,859
143,19,43,823
62,15,61,351
72,15,71,319
50,15,68,43
41.11,1.26,20.72,755
33.36,3.85,23.93,400
32.43,3.75,24.43,656
32.35,3.52,24.22,267
31.53,3.56,24.08,1033
38,4,11,735
20.9,3.6,12.5,737
26,9,8,1006
110,38,55,1068
32,9,9,267
5.3,1.1,0.6,547
44.3,9.6,39.5,285
35,6.9,2.8,1070
30,7,15,605
22,3,13,939
38,20,24,948
32,6,11,1053
32,4,6,962
13,2,6,331
65,247,13,383
30.4,7.3,14.1,698
20,2,4.5,689
18,6,4.9,818
42,14,18,641
15,3,7,312
8.7,1.7,1.06,746
32,6,11,240
68,6,15,594
42,5,10,566
60,11,38,404
30,8,4.9,688
23,7,10,565
11,1,4,101
17.4,3.3,3.3,776
9,5,4.3,264
16.58,4.01,12.45,1088
54,11,308,334
23,6,15,123
28.77,13.86,14.22,269
5.45,16.64,10.87,221
35,7,11,139
22,4.4,13.2,527
27,8,10,427
25,16,15,154
42,4,9,947
28,5,8,551
14,4,11,514
15,5,6,990
26,8,14,999
26,8,14,359
33,4,7,707
37,4,7,749
80,32,50,876
5.45,16.64,10.87,685
28,6,13,161
38,16,16,874
40,7,34,906
10,2,3.3,714
18,5,11,630
24,7,12,654
47,19,13,415
34,7,16,384
11,1,4,787
64,9,35,468
27,8,10,1060
16,4,7,885
12,1.3,7,425
26,7,16,578
18.2,4.2,14,900
54,14,12,361
46,11,11,644
36,5,19,659
17,4,21,28
24,6,13,769
15,3,7,102
17,3.5,8,558
13,1,3.3,672
14.3,2.94,1.62,550
61,13,4.6,1097
17,2,7,395
24,6,28,154
54,9,3.2,157
12,1,3.5,934
13,3,2.2,1084
48.1,13.2,6,449
11,2,9,208
13,8,27,382
26,7,11,1016
11,2,2.3,239
22,2,4.9,206
15,5,18,708
52,10,35,624
15,4,19,738
19,5,18,713
31,4,23,34
15,6,9,895
17,4,13,61
15,2,4.4,598
34,6,22,702
55,13,13,726
12,2,3,303
13,2,5,865
34,12,8,192
30,8,17,251
22,4,25,697
34,5,18,324
33,7,14,282
44,8,13,991
34,4,8,657
16,6,27,278
22,4,26,851
25,5,18,996
37,6,13,763
31,7,14,498
38,5,9,718
20,4,17,978
20,6,17,867
42,9,22,94
4,7,17,719
43,6,27,44
44,8,13,86
38,5,9,893
34,4,8,431
23,6,20,1050
47,8,17,223
27,6,16,113
31,9,9,679
24,11,6,482
31.5,8.3,16.3,333
25.96,4.52,24.83,6
8,8,18,759
37,6,13,569
27,6,16,143
43,6,9,350
17.08,5.7,31.89,824
23,4,23,152
41,6,26,966
46,7,9,434
36,10,14,849
26,5,21,694
41.99,7.71,15.44,934
30,8,17,674
41,9,8,752
36,5,14,581
32,7,16,782
28,5,17,150
38,5,20,681
29,6,20,253
20,5,32,407
19.09,13.12,6.5,1009
9,4,26,834
30,6,3.1,496
44,9.3,7,292
40,6,22.5,1
45,7.5,16,857
46,7,7,658
53.45,3.8,14.64,144
43,9,20,615
46,10,21,953
39,10,14,1053
35,14,11,886
47,6,5,304
21,6,28,348
43,9,21,885
26,7,26,1017
52,6.6,16,152
54,5,16,919
31.6,7,27.2,283
21,2,17,1006
32,3,1,172
13,2,2.8,567
40,14,18,119
57,11,22,277
52,10,18,321
67,6,23,170
65,7,24,72
66,5,24,545
37,3,59,299
66.2,9.34,19.5,47
35,4,12,772
37,5,21,382
43,4,9,559
37,5,21,626
52,6,38,61
62,8,21,665
61,8,27,1021
66,4,15,372
68,5,24,874
59,5,28,632
43,4,9,180
35,4,12,515
62,6,27,995
56,4,41,766
65,3,28,24
79,7,12,622
78,5,13,986
22.4,2.3,4.1,1012
22,2,4.2,713
52,5,12,210
17.9,1,0.3,852
22,2,5,155
16.8,2,7,470
8,2,8,607
38,4,13,1008
19,2.7,7,669
22,1.3,6,993
12,2,8,398
11,0.7,4.1,325
19,2,8,797
38,4,17,1073
19,2,10,696
19,2,2,671
9,0.7,7,245
17,2,10,132
19,3,8,936
12,2,6,192
19,2,7,902
18,3,8,1070
15,2,12,234
16,2,11,969
29,3,14,51
12,12,4.4,155
22,2,5,213
21,3,4,343
18,2,4,495
24,2.8,11,828
22,2,7,836
33,3,9,382
25,2,1.1,1081
41,4,13,912
29.4,3.1,0.1,559
47,8,23,620
21,5,13,403
47,4,7,163
45,4,18,28
18,2,3.3,254
39,8,24,660
52,6,2,633
22,3,17,154
33.1,2.9,1.7,932
18,1,0,509
11.36,1.2,3.4,728
11.38,1.26,3.73,65
38,2,12,725
47,5,23,1040
37,4,27,189
38,2,12,784
39,4,19,104
28,3,12,639
10,3,6,529
11,2,6,636
47,6,16,299
46,6,15,633
42,4,11,108
3,7,38,109
26,2,0.6,833
38,4,17,867
13,1.7,5.5,778
10.8,32,6,402
13,2.7,14.8,289
15,2,13.8,34
45,6,6.2,380
39,6,12,12
66,8.3,20.8,490
42,4,2,158
26,2,1.2,555
35,2.7,1.5,1028
21,5,11,426
53,4,21,20
19,2.6,6.5,634
32,7,17,898
44,4,29,195
40,5,14,1041
39,5,15,620
23,3,12,711
73,7,18,374
28,3,13,489
94,8,57,1047
48,6,19,911
64,7,16.4,652
54,2,1.8,1043
43,4,21,472
40,4,18,220
31,3,18,718
44,5,15,606
19,2,6,424
97,16,43,421
16,2,1.4,208
19,2,3.5,826
20,2,2.4,119
16,2,1.4,176
14,1,8,185
12,1,10,806
32,14,2.3,233
26,2,0.6,86
24,3,7,840
26,1.8,0.45,604
37,2,10,1062
39,1,8,572
41,4,1.3,336
39,6,13,289
33,1.5,9,621
27,1.2,11,541
19,3,11,227
19,1.6,8,708
19,1.6,8,413
56,8,31,915
34,5.3,19,327
41,6,10,462
51,4,20,423
15,3,10,900
55,9,34,911
37,4,18,827
37,4,18,895
50,4.4,1.6,704
50,4.4,1.6,743
27.6,2.8,2.1,1004
41.6,3.6,1.3,312
14.2,2.1,11.2,457
25,4,9,919
23,2,14,298
20,9,2,847
4,2,1.8,949
3,3,1.5,553
5,4,4.1,872
3,2,2,727
13,6,10,6
4,3,2.4,368
8,7,9,46
2,2,2.1,904
6,7,5.1,546
3,3,1.2,123
8,8,8,1024
4,3,1.8,207
13,6,10,809
4,2,1.6,490
5,4,7,602
8,7,9,323
4,4,4.2,231
1,2,0.9,687
3,3,1.2,706
2.1,1.9,2.1,76
5,7,1.2,235
4,2,1.8,192
4,3,3.6,192
4,3,4.4,1080
4.5,2,2,895
2,2,2.6,240
4,3,1.4,47
4,3,0.6,388
8.7,3,3.4,557
9,3,3,979
11,3,3,482
12,2.8,0.7,497
8,3,3,638
12,3,2.5,980
59.7,16.9,19,466
45.8,21.1,18.4,674
70,22,20,273
71,13,8,1
80,16.8,23,941
28.64,7.23,20.63,20
71.2,31.4,15.8,201
41.76,42.02,46.69,387
28.4,4.7,7.8,1001
34,8.8,10.5,454
27.6,7.5,5.9,970
68,9,29,268
47,12,17,185
21,11,7,770
22,11,6,945
28,9,29,84
27,6,14,453
86,16,60,37
50,25,19,69
65,25,10,54
22,2,15,727
21,5,14,621
29,6,23,521
31,4,21,704
13,2,4,1076
46,8,3,307
33,7,31,155
34,7,17,1062
62,11,5.1,705
58,5,13,220
51,5,10,501
24,5,18,919
19,5,20,813
128,52,44,940
136,84,48,37
28,5,25,559
17,4,21,86
13,5,15,757
42,7,6,51
47,8,30,376
136,84,48,20
36,5,24,848
25,4,19,317
13,0.7,2.3,249
37,11,5,28
52,11,10,905
51,13,23,139
49,7,7,24
32,10,6,807
30,11,10,661
12,2,14,626
34,9,28,938
62,15,18,516
18,2,12,234
17,2,5,615
18,2,7,1025
22,2.9,7,854
32,3,7,316
23,2.9,7,199
29,3,7,557
23,4,13,762
18,2,7,742
37,5,17,159
16,2,12,295
46,5,18,163
13,2,7,818
21,3,4.4,398
17,4,11,426
20,5,14,777
40,5,20,533
13,2,7,534
20,4,12,857
21,4,11,795
16,2,6,724
21,2,3.9,1093
17.08,5.7,31.89,207
47,4,7,1044
40,4,11,981
51,5,10,787
26,8,14,256
57,6,15,92
26,12,11,622
27,6,18,771
35,7,18,1013
38,4,7,582
31,5,3.1,950
31,8,3.3,1083
31,7,3.3,996
26,3,2.1,38
32.7,4.3,0.6,942
24,5,2.1,633
28,11,6,536
43.07,4.25,1.66,961
38.64,10.92,2.25,804
39.8,4.6,1.7,149
40,5,2.9,589
63,9,16,36
82,11,17,1029
66,9,12,425
72,10,17,184
84,13,18,26
87,10,16,112
69,7,17,1017
18,9,6,363
5,4,3.6,179
3,3,1.5,869
4,3,2.4,641
5,2,3.7,906
6,7,5.1,1044
8,7,7,748
2,3,1.4,892
8,7,9,153
7,5,6,190
2,2,2.2,842
8,7,9,776
13,6,10,1091
15,10,3.3,617
15,6,4.4,805
4,3,2.9,553
3,3,3,324
3,3,1.2,719
18,9,6,973
2.1,1.9,2.1,481
6,5,2.2,855
7,4,1.5,375
21,4,4.7,905
14,1,5,432
12,2,6,247
22,3,3,705
20,2,7,239
19,2,8,842
21,2,8,456
23,3,12,581
26,3,16,1100
44,5,15,641
30,3,24,224
55,7,24,962
55,8,26,736
66,8,22,1079
66,5,24,107
63,7,28,178
11,11,19,1074
3,14,25,116
11,15,11,351
4,13,25,412
2,4,3,765
2,10,20,468
2,9,19,223
4.9,17.7,15.7,1089
2,13,30,958
3,13,22,781
3,17,17,992
21,1,6,1089
15,2,10,127
20,1,5,220
15,2,9,974
29,3,26,831
29,8,9,1033
49,24,32,977
1,4,5,1011
0,25,25,1026
0.23,5,3.7,478
2,2,4.7,90
3,3,5,755
1,4,3.2,1047
8,18,14,1022
40,23,39,337
37,7,36,1087
154,40,105,516
38,8,18,1046
191,39,92,869
45,12,21,814
13,34,23,332
6,14,19,533
68.24,6.08,22.23,346
37.2,8,21.9,871
28.82,5.87,21.32,54
5.39,28.02,16.89,941
6.17,18.76,21.3,482
1.9,13.3,4.5,911
5.52,6.15,34.44,949
13.91,28.42,27.84,355
2.34,21.4,28.74,611
0.45,20.75,27.68,200
0.46,19.8,24.26,546
2.22,24.94,27.44,490
2.79,23.24,29.68,422
6.7,7.1,11.5,65
24.8,7.4,9.9,261
21.55,8.66,10.38,617
5,6,32,683
2,13,30,583
6,24,22,788
11,4,26,985
23,4,17,785
1,5,5.8,289
12.35,20.07,18.75,1038
2,5,3,891
0.1,4,5,197
4,3,2.4,178
4,3,2.4,604
0.6,3.8,5.5,449
1.6,25,27,918
2,2,2.1,1069
5,3,1.7,737
2,3,1.4,273
15,10,3.3,922
4,2,1,169
23,3,10,77
25,3,6,699
20,15,15,721
25,3,6,358
11,11,19,437
2,13,30,646
1,3,4.8,42
5.83,0.56,2.01,672
5.14,0.64,1.93,425
5.76,0.63,2.34,714
5.46,0.64,2.57,208
5.14,0.64,2.57,302
5.67,0.63,2.43,392
5.86,0.65,2.19,810
127.17,19.56,68.48,184
6,0.6,2.1,506
5.17,0.54,2.47,335
5.14,0.39,3.21,891
5.22,0.94,1.69,212
5.45,0.71,2.61,187
5.03,0.55,2.94,1087
4.82,0.64,2.57,696
4.86,0.76,2.92,734
5.57,0.67,2.5,1086
5.67,0.67,2.67,1000
4.92,0.82,2.81,873
4.95,0.81,2.79,306
5.09,0.84,2.87,890
5.06,0.84,2.81,1036
1,0,0,599
5.85,0.99,1.01,339
5.6,0.6,2,1056
5.4,0.9,2.1,944
5.76,0.36,2.34,269
17.71,1.74,7.58,232
5.4,0.9,2.7,468
5.44,0.36,2.34,1070
4.79,1.03,2.61,117
4.36,0.94,2.65,816
4.78,0.59,3.29,186
5.22,0.54,2.52,219
5.25,0.75,2.62,377
5.94,0.63,1.98,410
5.61,0.61,2.46,536
6.09,0.69,2.08,407
6.15,0.48,1.17,591
2.7,25.42,8.77,724
5.1,0.9,2.4,853
5.7,0.9,2.4,975
5.84,0.79,1.89,1065
7.07,0,0.64,622
5.98,0.76,1.94,985
7.81,0.66,0.36,724
5.4,0.9,2.25,159
5.89,1.08,1.44,341
3.9,0.6,3,309
5.1,0.6,3,294
6,0.86,1.71,307
4.5,0.6,2.7,978
6,0.6,2.1,92
6.6,0.6,1.5,159
6.46,0.94,1.02,993
22.75,3.15,19.25,729
0.9,0,0,285
6.07,0.59,2.03,803
6.06,0.61,2.01,926
2.1,0.27,1.49,546
5.14,1.07,1.71,483
5.14,0.64,2.25,1093
5.79,0.55,2.57,280
4.18,0.58,3.54,614
6.3,0.9,1.47,347
5.91,0.84,1.69,1098
4.65,1.17,2.43,603
4.82,0.32,2.89,595
4.8,1.2,2.7,565
4.5,0.32,3.21,375
3.21,0.96,4.18,822
0.64,0.09,0.27,430
4.8,0.6,3.3,252
4.8,0.6,3.3,432
6.85,0.69,1.11,787
0.79,0,0.07,635
31,3,11,711
5.79,0.64,2.25,667
6.84,0.65,2.52,185
5.94,0.45,2.25,903
5.76,0.54,2.09,900
6.11,0.64,1.61,862
2.71,0.29,0.71,1006
11.27,0.49,2.06,424
4.82,0.32,2.89,698
4.82,0.32,2.89,546
4.68,0.36,2.88,761
5.04,0.5,2.88,534
6.3,0.3,1.8,280
5.65,0.31,2.3,712
6.3,0.3,1.8,539
6.35,0.32,1.8,521
6.3,23.85,28.8,974
6.03,0.63,1.98,798
66.15,28.35,24.52,50
5.61,0.61,2.46,587
3.31,0.25,2.51,478
4.82,0.32,3.54,1075
26,3,16,43
37.69,3.97,8.93,761
28.42,2.94,4.41,320
19.45,6.08,14.59,319
16.9,5.2,18.2,921
24.32,3.65,19.45,440
37.19,4.02,11.06,469
32.94,5.53,13.79,82
33.63,3.48,6.96,773
39.58,4.71,9.42,126
39.2,4.02,8.04,1030
38.27,4.64,8.12,60
18,2,3,384
38.77,4.31,9.69,433
17.38,1.93,2.9,857
39.58,4.71,8.48,725
22.1,2.4,9.61,159
42.57,4.37,6.55,1025
40.39,4.37,3.93,564
24.5,3.43,4.41,1000
26,3,16,359
31.39,3.83,5.36,579
34.79,5.8,10.44,731
30.52,2.71,6.1,318
20.1,5.03,17.59,494
35.22,3.06,5.36,736
39.2,4.02,8.04,673
40.74,4.94,7.41,666
0.76,1.18,1.28,947
1.29,0.77,0.98,662
41.34,5.89,10.82,124
0.08,0.8,1,926
0.08,0.8,1,614
0.12,0.8,1.04,694
0.04,0.76,1.08,163
0.08,0.76,0.92,77
0.5,0.7,0.4,817
32.25,4.27,2.68,489
7,3,16,750
57.78,22.96,22.27,630
67.16,17.99,16.52,512
1.07,0.8,0.6,374
1.47,0.8,0.28,623
84,16,18.8,967
0.12,0.92,0.96,105
0.14,0.24,1.43,105
0.33,0.22,0.81,649
0.09,0.28,1.37,785
0.09,0.28,1.35,85
0.2,0.8,1,220
0.2,1,0.9,128
0.13,0.73,1.19,1095
0.14,0.75,1.19,244
0,0.67,1.11,296
0,0.67,1.11,511
0,0.67,1.11,662
0.2,0.4,0.88,150
0.2,0.4,0.88,1008
0.16,0.64,0.96,688
0.16,0.68,1.12,984
0.18,0.68,1.08,431
0.1,0.92,0.96,936
0.1,0.61,1.08,245
0.23,0.75,0.95,182
0.18,0.76,1.04,963
0.21,0.76,1.08,910
0.22,0.72,1.04,1048
0.02,0.68,1,815
0.08,0.68,1.12,238
0.01,0.68,1.12,85
0.22,0.67,1.11,978
0.32,0.68,0.64,939
0.32,0.68,0.64,618
0.08,0.8,1.08,573
0.22,1.11,0.44,685
0,0.67,1.02,1038
0,0.67,0.71,34
0,0.67,1.11,364
0,0.8,1,24
0,0.67,1.11,579
0.2,1,0.86,557
19,3,11,535
23.75,3.75,12.5,237
21.51,2.7,13.35,615
26.32,3.16,7.37,613
18.95,2.11,9.47,711
26,3,14,755
28,4,9,450
18.89,1.11,2.78,508
24.38,2.38,7.12,912
32,3,7,125
0.09,0.8,0.84,1068
0.09,0.84,0.88,284
0.04,0.76,1,1019
0.04,0.76,1,996
0.04,0.84,1.08,171
0.04,0.76,0.96,514
0.04,0.76,0.96,654
0.04,0.76,1.12,270
0.04,0.8,1.12,673
0.04,0.76,1.04,272
0.04,0.92,0.92,136
14,6,4.2,103
16,10,3.5,228
25,2,1.9,70
27,1,0.2,973
83,11,3.3,160
76,12,8,57
13,9,14,17
21.6,2.31,4.2,597
12,2,9,207
17,2,8,499
5,0.7,2.7,550
61,4,30,564
65.8,3.6,27.8,627
68.1,4.4,25,585
84,7,2,330
73,16,2.6,173
15,1,2,953
16,10,3.5,50
15,5,4.5,492
16,2,8,452
16,1,1.5,468
18,0.7,0,338
16,1,1.5,667
16,1,1.5,858
14,0.7,2.5,205
16,0,1.2,660
17,5.5,3,150
25,2,1.9,883
26,2,1.3,97
27,1,0.2,1099
24.9,1.8,1.8,740
23.4,1.5,1.8,78
25.2,1.8,1.5,782
27,2,0,1097
23,2,3,1049
24,2,2.2,818
26,2,1.3,962
26.1,1.5,0.75,415
22.5,4.8,0.8,657
36,1.6,0.3,764
21.5,3.4,5.8,821
31,2,4,967
31.6,2.4,0.7,389
24,1.5,2.3,540
14,2.4,4.2,744
26,1.9,0.1,1034
26,2,0.2,958
26,2.1,0.1,1083
26,1.8,0.1,392
26,1.7,0.3,1033
25,2.4,0.7,120
25,1.7,0.7,214
25,1.8,0.6,372
25,1.9,0.5,70
14,6,4.2,824
17,4,4.1,881
16,10,3.5,300
12,2,9,890
15,2,8,185
17,2,8,458
78.18,7.3,9.29,819
88.05,5.11,0.59,187
85.33,6.8,2.79,417
80.93,5.56,9.75,343
84.66,5.81,3.65,255
86.99,6.65,1.68,224
85.78,6.08,4.34,606
7.56,0.9,0.09,1024
8.01,0.45,0.05,560
7.92,0.54,0.18,352
7.92,0.54,0.05,740
7.93,0.46,0.31,250
1.3,0.1,0.07,1033
7.59,0.68,0.39,381
7.47,0.72,0.34,412
8.1,0.36,0.14,713
8.01,0.45,0.18,678
7.2,0.63,0.72,997
7.83,0.36,0.45,755
7.83,0.63,0.05,933
7.64,0.59,0.08,82
6.67,0.86,0.86,745
7.51,0.58,0.31,288
7.19,0.58,0.11,1029
7.56,0.63,0.18,1036
8.19,0.27,0.05,896
4.8,2.49,1.53,362
4.8,0.69,1.5,916
5.4,0.6,1.44,1037
1.36,0.16,0.69,1082
5.78,0.61,2.4,822
5.63,0.61,2.54,286
36,8,9.2,911
54,17,15,534
23.2,5.8,9.1,171
23,2,3.8,679
21,5,10,469
24,2.4,3.1,918
20,2,5,843
5.85,14,2.78,716
22.6,9,6.9,1064
20,6,10,867
19,6,8,914
19,6,8,1013
22,4,10,885
20,6,10,239
20,2,5,917
11.81,3.31,5.36,18
8.67,9.95,7.1,585
4,11.68,13.23,1010
5.7,14.2,6.9,335
0.4,7.6,4.1,812
0.3,9,3.1,1062
1,5,3,387
47,15,14,425
58,14,10,188
46,29,9,668
20,10,28,761
52,15,11,485
76,13,9,1018
48,17,7,560
3,1,1,326
52,20,7,1011
41,26,7,633
4.9,1.9,0.7,519
3,7,3,234
1,4,1,996
52,13,8,387
73,9,9,976
2,7,6,1070
50,17,5,522
5,6,1.5,608
3,4,3.7,677
1,3,2.4,907
74,12,9,542
74,11,14,89
85,12,9,993
75,12,13,757
84,12,11,301
47,2,0.8,862
92,15,8,381
5.16,1.62,0.74,661
80,29,11,693
2.83,2.99,2.24,32
1.79,6.98,3.18,736
53,18,7,1065
42,14,9,741
22,9,28,357
36,13,22,1008
36,13,22,531
18,8,13,423
38.92,21.36,6.27,1019
49,21,7,363
40,6,2.4,1054
45,25,18,200
49,14,16,978
65,14,9,892
61,17,14,1046
65,11,16,276
35,4,8,845
25,11,25,738
28,3,6,1055
26,8,6,946
23,8,5,309
27,6,4.8,190
52,18,7,16
54,23,6,437
63,16,12,328
64,18,19,1092
13,23,60,786
36.13,11.05,4.28,432
32,84,228,512
32,84,228,201
26,3,8,368
33,6,6,752
31,8,4.9,979
45,6,8,952
39,13,6,93
59,14,7,599
61,16,20,209
55,16,6,756
70,32,10,558
10,10,37,536
53,14,10,465
41,8,7,527
26,5,9,611
34,5,2.6,951
28,6,5,197
40,9,4,76
18,3,2.1,193
50,16,12,218
45,21,8,408
1.62,5.15,1.82,76
17,8.41,2,100
1,2,1.1,247
37,8,4.7,107
22,5,13,746
54,9,2.2,875
43,14,6,891
6,1,1,351
60,12,16,163
57,7,3.7,589
3,2,0,992
66,12,14,363
67,11,13,579
52,5.9,39.1,843
72,6,17,369
18,2,7,984
21,3,9,977
39,3,17,871
12.8,1.7,4.4,794
56,2,1.6,599
24,4,8,501
61,6,21,824
61,5,21,307
40,4,18,286
31,4,12,359
44,4,14,330
37,3,8,216
0,12.78,0.05,810
1.37,16.46,32.16,357
2.7,3.7,2.9,831
3.3,6.2,7.1,984
95.3,14.4,17.5,242
63,17.2,29.3,485
1.4,17.2,13.2,407
3.1,9.4,8.3,469
8.1,12.7,21.6,1060
8.7,9.8,7.1,519
7.6,16.5,12.6,196
0.9,10,8.1,1048
49,14,16,23
60,12,16,456
70,10,12,140
41,8,7,601
36,4,4.3,936
22,5,13,277
18,10,0.1,253
6,3,1.2,913
27,2,4,504
52,4,10,670
57,5,13,122
24,4,8,265
53,10.6,2.1,96
3.41,12.44,7.37,136
4.47,82.4,0.04,401
2.19,13.94,7.97,258
1.03,10.87,0.02,1061
9.32,14.7,23.45,72
3.79,15.12,13.46,568
3,12,8,993
52,4,10,496
36,4,1.5,450
0.57,0.1,0.27,1023
6.01,0.58,1.9,481
0.78,0.04,0,422
0.78,0.04,0,94
0.77,0.07,0,968
2.94,3.84,1.66,992
1.01,4.18,2.81,621
1.01,4.18,2.81,752
46.6,16.8,19.5,653
29.82,13.22,28.55,806
31.11,3.11,2.67,337
0.6,0.9,0.96,939
38.94,7.21,6.49,63
38.68,7.16,6.45,673
10.77,1.54,0,1078
12,4,3,1056
38.25,2.25,0,565
33.75,4.5,0,614
17,4,2.5,393
17,4,2.5,508
38.25,9,4.5,939
16,4,3,989
16,4,3,203
7,1,0,718
7,0.7,0,347
16,2.5,0,475
36,8.4,5,333
36,8.4,5,950
36,8.4,5,610
11,1,0,474
11,1,0,498
17,5,4,735
18,5,4.5,132
15,5,4,523
17,5,4,463
18,5,4.5,26
16,5,5,135
14,5,4,454
40,5,0,216
8,1,0,871
8,1,0,754
8,1,0,72
6,1,0,1013
8,1,0,142
8,1,0,244
8,1,0,600
17,1,0,863
13,2,0,647
12.05,3.13,8.43,470
9,1.5,0.4,1020
27,4.7,1,571
3,0.7,0,532
33.75,2.92,0,111
28.8,8.77,0,185
30.83,8.77,0,834
40.5,7.43,6.07,143
34.42,7.43,6.07,446
38.92,7.43,6.07,452
40.5,9,9,621
40.5,9,9,650
18.2,3.6,1.8,170
18.2,3.6,1.8,361
18.2,3.6,1.8,113
17.3,3.6,1.8,273
18.2,3.6,1.8,259
16,3,2.5,1073
16,3,2.5,957
14,4,2.5,650
38.25,6.75,5.62,292
38.25,6.75,5.62,654
38.25,6.75,5.62,467
20.67,4.02,4.6,940
20.67,4.02,4.6,12
19.53,4.6,5.18,657
83,7,7,534
15,2,4.7,679
22,2,3.4,912
44,3,9,133
36,4,6,242
29,0,1.4,556
17,0.7,1.4,384
73,5,21,606
61,5,27,1016
67,5,21.8,540
13,0,0,630
35,0.7,0,400
44,0.9,0,303
23,3,10,650
24,2,2.3,1076
6,1,2.4,39
23,2,10,849
32,1.7,10,74
11,2.8,2.7,304
9,2.5,3.4,974
8,1,0,713
9,1.5,0.4,364
9,1.5,0.4,269
9,1,0,4
9,1,0,9
9,1,0,950
13,3,3.1,422
12,3,3.8,899
10,3,3.7,392
5,3,3.8,780
6,4,5,620
9,3,4,574
10,2,3,883
4,3,4,89
13,3,3,1076
9.5,3.3,3.4,887
6,4,4.1,235
10.45,3,3.12,572
11,3,3.8,757
11,3,3.8,691
9,7,3,315
12,6,5,614
18,4,6,217
10,3,3.7,611
7,3,3.3,675
9,2.5,3.4,409
9.5,3.1,3.9,114
10.8,3.1,3.1,240
10.6,3.2,3,271
13.5,3,3.1,1087
12.7,2.8,3.6,1064
10.5,2.8,2.7,42
7.5,6.8,3,278
11.56,2.53,3.18,329
10.76,2.47,3.21,100
11.63,2.47,2.51,157
9,3,3,1060
10,3,3,896
10.23,2.85,3,420
9.11,2.99,3,52
9.83,2.79,3,182
8,3,2.9,465
8,3,2.7,700
8,3,2.9,702
8,3,3,902
10,3,3.6,95
8.5,3,3,836
7,0.7,0,736
17,5,4,372
17,5,4,274
16,5,5,151
18,5,4.5,881
18,5,4.5,713
15,5,4,824
12,2,1,912
12,2.8,0.7,708
17.5,7.5,12.5,966
12,2,1.4,385
7,1,0,1046
10,2,2.7,317
4,0.7,3.1,486
20,6,4.3,1085
10,1,0,381
12,2,1,702
11,1,0,387
8,3,3.1,1092
8,3,3.1,150
10,1,0,480
8,1,0,496
14,5,5.9,351
3,0.8,0,538
8,1,1.2,386
10,0.7,0,846
9,1.2,0.3,537
6,1,0,882
11,2.9,2,610
11,2.9,2,402
5.5,0.7,0,911
14,0.9,0,658
12,1,1,509
14,1,0,135
10,9,0,129
12,2,0,347
4,2,2.5,316
15,3,2.8,1032
7,2.8,5.5,653
18,2.7,4.6,811
5,3,4,1035
9,3,3.5,254
10,3,2.5,789
11.1,2.9,3.5,438
10.33,4.18,3.72,684
16,5,5,280
17,3,4,1026
9.4,3,2.8,835
4.7,3.5,3.3,1055
10,4,3.2,749
11,3,3.1,473
9,3,3.6,218
18,7,8,883
8,3,3,875
11,3,2.9,283
12,2,0,806
10,0.7,0,711
19,5,3.5,378
12,1.5,1.2,570
10,2.7,1.9,873
9,2.3,4.2,775
32,10,10,512
11,3.8,2,498
13.5,4.5,7.5,178
17,2,1.4,927
6.4,6.1,8.7,131
10,1,0,1024
3,8,15,676
301,64,60,769
9,2.3,4.2,389
40,3,0,58
,,,429
20,5,4.5,707
17,4,3.7,152
16,4,3.8,570
14,4,5,808
9,2,3,778
8,3,3,503
24,2,0.9,1070
14,4,3.6,978
14,3,3,118
14,3.8,3.3,30
14,4,3,909
11,3,3,427
13,3,2.4,876
53,14,17,388
27,11,17,607
14.3,4.7,5.9,453
83,0,0,285
80,0,0,4
89.21,1.82,1.07,310
25,0,0,630
65,5,0,64
40,3,0,1100
40,3,0,313
38,3,0,525
13,0,0,568
13,0,0,339
133,3,2.9,10
18,1,2.4,937
33,2,0.1,699
12,0.7,2.3,867
44,0.9,0,791
26,1.7,4.7,124
15,2,4.7,775
42,0,0,897
42,0,0,90
24,2,2.1,214
7,0.7,0,219
10,0.7,0,807
10,0.7,0,829
17,5,4,255
14,1,0,909
18,5,4.5,598
15,5,4,987
17,5,4,71
18,5,4.5,997
6,0.7,0,339
2,1,0,664
10,0.7,0,906
10,1,0,507
14,1,0,528
10,0.7,0,637
8,1,0,61
40,3,0,941
10,1.2,0,62
8,3,3.1,79
9,1.5,0.4,84
16,5,5,973
15.4,3.3,2.5,580
27,4.7,1,343
12,2,0,71
8,1,0,616
9,1,1.2,970
16,2.5,0,515
36,8.4,5,878
36,8.4,5,484
12,0.7,0,590
12,1,1,603
12,2,1,884
8,3,3.1,143
40,3,0,834
14,5,4,774
36,8.4,5,293
1,0.7,0,904
5,3,3.8,1083
12,2,1,18
8.8,0.8,0,322
8.8,0.8,0,932
13,4,5,610
11,1,0,610
20,6,4.3,725
16,5,3.3,675
2,1,0,661
6,4,5,185
8,1,0,456
9,2.5,3.4,991
17,5,4,244
40,3,0,951
13,2.8,2.6,808
15,5,4,109
13,2,0,537
63,4,0,457
3,1,0,612
89,1,2,778
80,0,0,643
14,1,0,849
24,2,0,20
24,2,0,1035
23,2,0,23
15,5,2.7,69
16,4,3.8,945
17,4,3.7,215
14,4,3.8,785
11,3,3.2,431
11,3,3.2,955
14,3,3.2,59
43,12,17,572
13,4,5,78
15.23,1.29,0.02,977
13.49,3.29,2.22,642
10.38,1.11,0.02,313
11.66,3.03,2.96,428
13.81,3.19,3.26,370
18.91,2.57,2.71,541
12.08,3.54,1.36,771
12.3,2.31,3.22,1087
15.53,2.95,2.46,297
3.36,5.18,3.84,229
12.44,4.55,2.7,240
11.74,0,0,368
7,1,0,616
11,2,3,60
12,5,4.6,104
16,0,0,33
15,5,4.6,1100
16,5,4.6,553
0.77,0.07,0,941
364.71,0,0,916
7.5,0.6,0.6,1048
0.7,0.1,0.2,824
6.3,0.6,1.8,1085
0.5,0.1,0.35,1055
33.75,2.92,0,805
12,4,3,420
38.25,2.25,0,1001
30.15,8.77,6.75,791
33.75,4.5,0,634
29.02,9.45,7.65,823
58.5,11.25,9,620
17,4,2.5,418
17,4,2.5,250
38.25,9,4.5,383
26.77,8.77,6.97,184
26.55,9.23,6.07,995
28.12,8.77,5.85,402
30.15,9,5.62,532
31.95,9,5.85,436
11.9,3.8,2.6,1029
18.2,3.4,2.3,384
17.9,3.5,1.9,125
26.7,4.4,2.2,949
18,3.5,2.1,280
19.8,3.5,2,814
28.8,8.77,0,744
30.83,8.77,0,61
28.35,9.23,7.43,261
40.5,7.43,6.07,1027
34.42,7.43,6.07,734
38.92,7.43,6.07,705
16,4,3,493
16,4,3,900
27,6.75,3.38,487
40.5,9,9,1039
40.5,9,9,743
29.25,8.55,6.97,402
37.8,7.88,6.3,205
28.12,7.43,5.62,610
28.12,7.43,5.62,498
18.2,3.6,1.8,805
18.2,3.6,1.8,392
18.2,3.6,1.8,216
17.3,3.6,1.8,112
18.2,3.6,1.8,714
36,4.5,2.25,224
18.3,1.2,0,860
39.6,14.18,3.15,346
42.97,14.18,3.15,1086
16,3,2.5,446
16,3,2.5,579
14,4,2.5,387
38.25,6.75,5.62,742
38.25,6.75,5.62,708
38.25,6.75,5.62,572
29.92,9.9,7.88,878
26.55,8.55,6.97,557
10,3,3.5,649
27,2.03,0,473
29.48,8.77,1.58,848
29.48,8.77,1.58,850
29.48,9,1.58,508
20.67,4.02,4.6,398
20.67,4.02,4.6,131
19.53,4.6,5.18,889
33.75,8.1,5.18,1006
36,8.32,5.4,317
33.75,8.32,5.4,107
33.75,6.75,6.07,257
31.73,8.55,6.97,745
31.05,8.77,6.53,423
17,1,0,731
12.05,3.13,8.43,1018
33.3,2.25,0.22,692
30.67,1.85,0.18,348
33.71,2.81,2.9,43
31.95,9,6.53,187
38.94,7.21,6.49,771
38.68,7.16,6.45,677
36,4.5,3.38,753
33.75,2.25,0,177
5.29,3.03,8.91,523
15.96,2.91,2.81,117
8,4,7,799
5,5,14,943
5,4,10,192
5,5,13,868
9,3,10,571
15,5,4.6,473
14.6,3.1,3,853
7,11,5,154
48,6,4,391
20,3,1,569
35,6,23,744
32,17,22,963
24.3,7.73,20.49,207
18,12,31,1024
25.28,12.88,25.33,995
18.82,2.82,1.13,1001
11,3,4.8,200
26,3.2,7.2,951
57,7,33,702
57,10,33,745
57,10,33,104
10.5,2,5.8,478
15,8,5,474
13,0,1.1,711
32,7,9,318
32,7,9,632
32,6,12,670
30,8,3.3,163
39,10,4.3,659
30,8,3.3,11
285,87,12,6
39,10,4.3,900
2.3,2.3,10.6,311
42,2,10,914
10,5,8,411
16.7,6.3,5,198
10,4,8,72
11.4,5.3,11,607
11.4,5.3,11,1016
153,18,30,690
24.8,0.4,0.9,470
25.2,0.2,0.8,371
9.2,15.2,12.2,759
11.3,12.2,11.1,194
24.4,3.6,6.2,497
6,0.75,1.88,565
4.95,0.45,2.92,880
36,7,20,931
35,6,20,73
36,5,20,965
48,7,20,683
33,5,19,801
57,7,17,749
52,3,12,363
43,4,11,1022
36,6,5.7,635
60,6,9,126
36,6,6,404
66,8,6,819
50,6,22,1014
72,8,26,128
70,9,28,705
50,6,21,617
98,12,28,334
76,11,11,836
57,4,6,302
94,13,5,249
58,8,22,222
53,5,17,641
49,5,15,182
51,7,14,518
53,8,17,676
51,4,13,30
58,5,13,151
53,6,13,899
48,5,10,457
48,5,10,58
48,6,5,1079
200,23,16,633
72,3,6,580
61,7,5,914
240,21,19,483
50,4,4.1,458
52,7,16,772
25,2,7,281
30,4,7,980
50,6,10,795
35,4,5,36
80,10,36,934
47,4,18,1032
45,4,17,913
5,4,17,830
50,4,17,612
40,5,15,737
37,4,11,583
41,4,13,204
42,4,13,725
30,4,10,442
73,10,22,623
56,5,15,110
51,5,10,929
60,6,11,1039
55,4,4.9,656
210,20,15,193
120,8,7.2,362
20,3,14,197
27,4,19,1083
20,2,11,159
34,3,13,943
44,5,9,131
41,6,11,106
51,5,7,854
49,8,8,587
24,5,18,604
19,5,20,691
28.4,5,13.2,412
35,4,11,383
20,4,28,626
19,3.1,5.3,320
56,5,24,899
133,45,40,923
90,30,30,399
142,40,22,843
128,52,44,172
83,35,27,1054
64,4,20,252
14.4,1.4,3.9,476
14.4,1.3,3.9,847
20,2.8,9.9,241
50.7,7.9,18.63,113
353,49,180,759
120,8,32,653
151,19,24,64
31.2,3,13.7,938
54,5,19,296
175,21,55,992
42,3,19,31
136,84,48,147
150,11,30,945
10,1,9,922
42,3,6,119
126,12,81,10
28,5,25,927
14.3,1.4,4,24
14.2,8.7,4,4
52,5.7,27,58
40,6,31,715
21,3,7.4,653
22,2.8,8.4,36
44,5,9,462
17,4,21,398
42,3,15,615
42,4,16,116
96,9,32,101
40,4,11,494
40,5,17,1031
121,22,35,787
43,16,14,698
13,5,15,638
56,5,17,673
22,3,13,883
83,33,44,644
27.7,2.5,11,28
42,7,6,93
16,2,6,154
22,2,11,289
19,2,6,545
30,2,2.6,942
17,2,5,2
29,3,2.4,794
43,6,16,35
20,2,8,165
47,8,30,644
48,5,22,479
30,5,5,1019
48,7,32,602
52,10,18,1026
58,8,13,274
23,2,11,93
53.6,6.3,23.2,884
42,3,19,909
53,8,25,347
136,84,48,1032
37,21,14,358
90,10,34,1092
34,5,20,980
49,4,14,519
57,7,9,1
33,4,17,608
20,3,14,144
35,8,19,725
21,4,18,429
36,5,24,400
25,4,19,821
57,6,39,314
61,6,41,586
34,5,13,617
14,2,1.5,915
50,5,18,430
76,9,20,852
89,12,6,633
57,7,20,140
206,24,31,967
121,17,26,771
311,28,25,787
25,3,1.3,471
148,21,14,836
164,24,22,158
173,27,22,957
136,21,9,83
99,13,21,1089
38,7,5,974
32,4,16,970
43,5,9,233
48,5,15,107
183,26,94,343
260,38,133,773
181,29,189,156
185,41,171,391
47,5,19,157
41,5,22,677
41,6,23,449
53,7,19,190
53,7,19,202
42,8,26,601
42,8,26,188
45,12,21,603
350,48,73,52
128,22,98,267
54,6,33,641
32,4,4,683
49,10,9,158
54.12,8.68,3.18,839
67,6,11,950
107.5,18.6,35.9,687
21,2,1.5,819
14,1,1.4,595
44,4,5,223
53,7,9,332
63,8,2.4,784
71,11,21,496
36,5,3,515
31,5,4.8,880
131,16,8,201
38,5,2.8,102
53,7,9,772
69,8,6,732
52,5,4.1,1033
25,3,1.8,436
31,4,3.6,728
25,3,5,986
39,4,12,249
72,6,7,677
46,8,1,119
58.8,20,7,600
43,5,1.1,563
276,28,18,946
35.92,4.36,8.77,884
37.49,3.58,7.94,524
43.37,3.58,2.11,69
14.6,7.59,2.45,334
42.97,2.69,3.38,451
37.88,3.33,3.82,777
36.11,3.77,8.67,710
35.97,3.72,9.36,241
36.36,3.72,8.92,805
37.19,3.67,8.13,309
38.76,3.97,6.32,356
9,6.7,12.3,799
37,5,2.4,456
33.63,4.64,12.76,482
34.7,3.59,9.57,995
34.79,3.48,11.6,278
34.79,4.64,12.76,223
34.79,3.48,11.6,285
34.7,3.59,11.97,291
39.2,4.02,11.06,800
22.27,2.02,6.07,1
26.01,3.02,7.86,984
24.98,2.71,7.6,27
26.01,2.42,6.65,259
35.18,5.03,5.03,602
30.15,4.64,5.8,2
18.31,4.07,10.85,957
28,3.23,7.54,480
27,3,12,206
26,3,16,410
22.2,3.06,10.72,989
39.58,3.77,7.54,1023
27.49,3.55,13.3,524
25.13,4.02,9.05,1078
27.33,5.65,14.13,904
0,0.18,2.34,968
0.06,0.33,0.86,672
31.31,4.08,10.89,378
41.46,4.71,3.39,4
37.69,3.35,1.76,660
41.46,4.52,4.52,594
36.75,5.44,14.97,920
28.14,5.03,15.08,796
39.2,5.88,17.64,622
42.32,3.97,3.57,123
42.47,3.18,3.29,813
34.17,5.03,0.75,104
40.52,4.71,1.88,748
29.21,6.6,3.58,100
40.21,5.03,1.84,126
34.84,3.48,6.1,324
40.21,5.03,1.84,655
32.67,5.03,3.94,431
30.99,5.03,3.52,449
39.37,4.19,12.56,96
43.74,3.24,19.44,794
30.15,3.77,4.4,29
23.01,4.3,0.36,973
45.23,3.77,2.64,26
53.89,7.28,3.2,172
39.95,4.52,3.77,345
27.13,3.39,9.49,1024
40.21,5.03,1.84,729
29.86,3.06,4.59,249
44.92,5.44,6.81,41
29.16,2.71,6.1,398
42.61,3.28,3.28,792
31.23,5.38,14,561
45.23,3.77,2.64,244
40.21,3.77,2.76,321
48.46,4.31,2.48,831
45.01,4.5,6.75,738
44.06,3.92,6.85,382
34.89,3.1,2.35,374
28.42,2.94,4.41,845
36.02,3.35,3.6,142
31,4,4.3,7
44.62,5.1,5.86,41
29,5,12,14
28,5,8,207
41,3.97,4.89,320
37.69,4.52,13.57,113
40.47,4.76,1.82,656
28.48,6.7,2.76,384
34.03,5.44,0.95,622
26.92,4.31,9.69,791
33.5,5.03,12.56,944
29.09,3.06,11.48,1094
37.69,4.52,13.57,1014
38.14,3.55,7.98,333
31.36,2.61,11.5,129
29.84,3.39,5.43,90
41.68,4.43,3.46,311
34.59,4.75,2.17,100
33.05,5.83,3.6,471
27.8,3.76,6.77,184
29.82,3.33,1.54,833
42.47,3.18,3.29,461
29.73,2.83,1.53,871
27.14,4.02,10.05,1003
29.16,3.39,6.78,203
43.4,4.57,2.63,483
43.56,5.44,9.53,658
35.81,3.77,13.19,152
24.94,3.75,8.62,580
33.93,4.24,2.97,938
42.47,3.18,3.29,525
38.66,4.83,7.73,783
35.6,4.19,18.85,95
42.47,3.18,3.29,461
36.19,3.01,13.27,746
40.65,4.65,10.45,311
37.69,4.83,7.73,498
32.55,4.75,6.1,492
0,3.12,0,663
27.56,3.83,11.48,189
31,4,11,783
48.09,3.9,5.07,381
29.29,3.2,0.93,876
48.78,3.55,5.32,980
32.92,5.36,3.37,720
40.83,4.19,5.13,673
36.7,4.96,13.89,103
48.78,3.55,5.32,753
36.19,5.03,11.06,1069
35.18,3.35,10.89,1025
34.34,3.35,10.89,1041
39.47,5.44,4.76,743
31,4,11,381
20.25,4.05,4.05,121
22.54,2.94,11.76,682
37.19,4.02,11.06,202
38.14,4.43,7.1,1026
26.13,5.03,11.06,116
33.08,4.73,2.08,285
26.74,2.95,11.33,653
25.68,4.88,1.38,821
41.97,4.94,4.94,64
40.21,4.19,1.59,896
25.13,7.54,5.03,688
39.37,4.19,1.84,651
39.37,4.19,1.84,728
40.21,5.03,1.84,71
49,4.08,6.4,412
33.63,3.48,6.96,34
33.63,3.48,8.12,602
33.63,3.48,6.96,882
30.1,2.8,6.3,213
30.33,4.08,1.4,629
27.56,3.83,9.19,854
27.56,3.06,8.42,99
28.33,3.06,7.66,315
28.33,3.06,7.66,732
43.88,4.5,7.88,572
38.45,4.52,6.78,80
32.62,3.37,11.25,184
27.21,2.32,5.21,448
28,4,11,35
21.87,4.05,3.64,355
40.21,5.03,2.26,386
50,7,3,25
40.14,3.09,2.57,718
25.9,2.8,0.91,124
36.3,4.19,3.21,1059
38.77,3.23,11.85,299
39.68,4.76,2.86,66
24,3,14,454
31,4,11,162
32.55,3.39,3.39,845
28.48,6.7,3.6,78
19.44,4.05,4.45,389
26.19,7.14,4.76,960
35.6,4.19,18.85,608
35.6,4.19,18.85,756
27.44,4.41,2.2,652
27,3,12,550
33.1,4.36,3.75,966
26.92,6.46,12.92,498
40.21,5.03,2.26,1016
42.32,3.97,3.57,636
48.26,4.52,3.32,448
39,4,3.6,414
41.88,4.19,9.21,689
23.59,4.37,6.38,293
34.7,7.18,10.77,350
45.23,6.28,4.4,650
43.08,5.38,1.79,499
40.08,4.77,8.59,32
41.68,4.43,3.46,315
37.25,3.55,8.87,612
43.21,3.7,4.57,88
10.65,0.95,4.74,94
33.1,3.48,6.1,388
40.21,5.03,1.84,123
40.21,5.03,2.09,1057
23.82,4.33,1.15,528
36,5,2.6,883
49.34,4.11,1.78,1014
31.16,4.02,5.03,1052
42.47,3.18,3.29,769
38.88,2.92,2.53,632
40.71,4.52,1.66,650
40.71,4.52,1.66,113
25.63,6.78,3.69,102
28.82,3.63,0.64,1063
43.08,4.04,3.5,915
40.21,5.03,1.84,1076
28.48,6.7,3.6,889
40.21,5.03,1.84,521
50,4.69,3.91,408
40.92,4.31,6.46,97
28.48,6.7,3.6,587
28.48,6.7,4.19,163
39.2,4.02,8.04,438
24.99,2.66,6.38,869
46.31,4.31,5.38,962
22.54,2.45,4.41,166
19.84,2.43,5.26,162
25.39,6.35,3.17,607
47.04,7.84,6.86,934
27.19,3.97,3.4,820
25.49,4.53,2.78,171
24.49,5.1,3.06,871
37.46,5.23,2.35,954
29.84,2.71,6.1,540
39,4,3.6,215
30.25,3.02,6.65,749
40.21,5.03,1.84,113
28.48,6.7,3.6,1004
28.48,6.7,4.19,57
40.21,5.03,1.84,341
40.21,5.03,2.09,505
38.27,4.64,8.12,77
18,2,3,560
42.72,4.19,3.94,986
41.58,7.72,12.25,136
43.46,6.21,9.76,563
38.77,4.31,8.62,613
38.77,4.31,9.69,316
20.42,2.72,17.69,994
29.84,2.71,7.46,853
26.45,2.71,8.82,250
28,4,8,71
29.84,2.71,6.78,299
35,3,13,167
38.66,4.83,7.73,811
38.59,4.49,7.18,585
37.69,4.71,11.31,287
37.19,5.03,11.06,1008
18,2,3,405
17.38,1.93,2.9,959
36.75,5.44,14.97,156
23.06,2.4,9.61,123
22.1,2.4,9.61,307
21.12,1.85,0.3,169
21.49,1.85,0.22,316
21.49,2.22,0.85,460
39.2,4.36,1.57,277
50,4.69,3.28,388
43.21,4.94,4.2,759
26.2,3.4,1.33,969
42.57,4.37,6.55,497
26,3,16,947
31.39,3.83,5.36,1054
34.79,5.8,10.44,180
30.52,2.71,6.1,461
28.48,6.7,2.76,371
35.22,3.83,2.53,368
41.46,5.03,8.79,560
34.03,4.08,13.61,1002
31.41,2.51,18.85,464
25.09,2.71,14.92,26
9.05,1.54,7.01,963
43.12,5.88,21.56,1064
50.96,5.88,13.72,945
18.26,3.64,10.28,991
35.22,3.06,5.36,490
38.2,4.02,7.04,1084
40.21,5.03,2.09,682
76.92,9.61,19.23,66
39.91,3.55,9.76,761
32.67,5.03,4.1,664
28.48,6.7,3.52,663
29.32,5.03,3.27,981
40.47,4.76,1.82,869
22.38,4.24,3.63,331
33.5,3.59,7.18,1072
34.7,3.59,11.97,382
34.7,3.59,11.97,767
35.8,3.7,9.88,639
35.8,3.7,9.88,163
34.04,3.65,12.16,1041
34.04,4.86,13.37,718
44.06,3.92,6.85,462
19.84,4.05,3.64,1046
31,3.16,5.06,1070
30.52,4.07,4.75,137
41.03,5.73,8.59,1017
28.48,6.7,4.19,86
29,4,11,46
43.37,5.16,8.26,338
43.08,5.38,1.79,307
37.23,3.72,10.24,693
30.15,6.46,8.62,665
33.29,5.65,7.54,845
33.5,5.86,7.54,585
40.21,5.03,1.84,434
34.27,5.71,1.26,864
29.16,4.07,3.26,704
32.31,5.38,5.38,506
36.75,6.81,10.89,816
22.99,2.42,13.91,790
24.01,3.43,2.94,13
20.48,3.66,14.63,478
45.23,6.28,4.4,194
41.26,5.55,2.94,847
33.38,5.38,3.12,457
20.42,2.72,17.69,885
40.74,4.94,7.41,1055
26.45,3.39,13.56,448
23,9,4.7,554
23,9,4.2,848
1.39,1,0,822
1.69,1.03,0.02,480
0,0.95,0.01,290
2.27,1.01,0.02,830
2.17,1.01,0.09,543
2.99,0.9,0.02,999
2.53,1.09,0.05,678
1.94,1.03,0.02,229
2.58,1.03,0.04,454
2.69,1.03,0.05,362
1.98,0.99,0.09,368
1.95,0.94,0.01,654
1.49,1.05,1.1,303
2.02,0.94,0.01,463
2.65,0.68,0.01,683
1.75,0.98,0,441
1.86,1.1,0.06,948
3.07,0.96,0.09,733
2.42,0.96,0.02,321
2.65,0.96,0.04,46
2.74,1.03,0.23,638
2.18,0.99,0.03,1005
2.66,1.08,0.03,572
1.85,0.98,0.02,124
2.09,0.94,0.02,767
2.4,0.92,0.1,905
1.95,0.92,0.02,933
1.68,1.01,0.74,258
2.51,0.97,0.05,225
2.08,1.05,0.08,754
2.27,1,0.09,356
2.6,1.05,0.12,699
2.22,0.96,0.01,604
1.44,1.02,0,800
1.64,0.97,0,548
2.01,0.81,0.09,904
2.47,1,0.05,216
2.14,0.97,0.14,330
2.17,0.96,0.06,653
2.11,0.97,0.04,742
23,9,4.7,32
23,9,4.2,468
1.84,0.72,0.08,622
1.39,1,0,821
1.68,0.9,0.07,157
2.91,0.57,0.1,863
0.82,1.67,0.02,334
2.29,0.68,0.03,391
1.03,1.61,0.19,453
2.09,0.57,0.24,744
0.85,1.3,0.05,390
1.55,0.72,0.15,895
1.24,0.72,0.05,1045
1.69,1.03,0.02,594
1.15,0.95,0.08,682
1.22,1.15,0.05,845
1.75,0.82,0,664
2.38,0.63,0.04,746
0,0.95,0.01,421
0.48,1.38,0.05,691
1.49,0.9,0.01,320
2.13,0.56,0.24,554
1.75,0.88,0.06,850
2.27,1.01,0.02,628
2.17,1.01,0.09,221
2.99,0.9,0.02,44
2.53,1.09,0.05,967
1.94,1.03,0.02,728
1.03,1.6,0.16,181
2.58,1.03,0.04,904
2.69,1.03,0.05,699
1.51,1.35,0.16,72
1.98,0.99,0.09,109
1.09,1.5,0.19,577
1.95,0.94,0.01,808
1.49,1.05,1.1,619
2.02,0.94,0.01,168
2.65,0.68,0.01,254
1.75,0.98,0,675
1.86,1.1,0.06,723
3.07,0.96,0.09,1021
2.42,0.96,0.02,231
2.65,0.96,0.04,330
2.74,1.03,0.23,160
2.18,0.99,0.03,675
2.66,1.08,0.03,930
1.85,0.98,0.02,756
1.27,1.39,0.25,949
2.09,0.94,0.02,755
1.47,1.36,0.11,541
1.38,1.33,0.17,279
1.48,1.35,0.14,588
2.4,0.92,0.1,181
1.95,0.92,0.02,294
1.39,1.31,0.15,127
1.68,1.01,0.74,876
1.22,1.43,0.22,66
2.51,0.97,0.05,530
1.15,1.61,0.15,72
2.08,1.05,0.08,85
0.98,1.64,0.17,568
2.27,1,0.09,986
1.03,1.63,0.14,190
2.6,1.05,0.12,438
1.07,1.51,0.17,981
2.22,0.96,0.01,893
1.12,1.58,0.14,55
1.44,1.02,0,455
1.64,0.97,0,112
2.01,0.81,0.09,695
2.47,1,0.05,1031
2.14,0.97,0.14,738
1.37,1.35,0.13,58
2.17,0.96,0.06,718
2.11,0.97,0.04,981
0.86,1.11,1.1,647
28.85,3.2,4.17,974
40,4,0,852
12.7,3.1,1.6,69
36,2.4,1.6,610
11.5,0,1.2,646
35.6,3.2,2.8,141
10.8,1.8,2,360
18.45,0,0,120
22.95,0,0,830
25.88,0,0,112
13,0,0,163
16,0,0,878
19,0,0,429
19,0,0,659
12.7,0.4,0.3,993
19,0,0,862
12,0,0,455
12,0,0,296
6.4,0,0,24
7,0,0,241
124,2,0,154
13,0,0,20
16,0,0,24
10,0,0,924
64,0.7,1.4,7
18,0,0,179
18,0,0,955
10,0,0,639
10,1.1,0,795
26,0,0.5,827
0,0,0,551
7.96,0.18,0.08,94
14,0,0,868
14,0,0,960
13,0,0,430
12,0,0,103
13,0,0,863
12,0,0,870
15,0,0,67
9.36,0.03,0,935
12,0,0,996
14,0,0,617
7.96,0,0.08,28
3,1,0,293
14,0,0,771
15,1,1.1,1007
64,2,0,890
18,0,0,548
19,0,0,474
19,0,0,997
14,1,0,236
13,0,0.3,268
13,0,0,879
13,0,0,896
15,0,0,823
12,0,0,631
11.09,0,0,143
10.92,0.4,0.02,815
12.3,0.1,0.1,729
7.71,0.04,0.01,392
11.76,0,0,220
10.5,0.1,0,845
11.4,0.06,0.01,469
11.1,0.3,0,918
9.7,0.1,0,330
14.03,0.23,0.01,339
8.66,0.86,0.05,255
5.67,0.99,0.11,860
13.89,0,0.01,27
13.1,0.1,0.2,249
11.4,0.2,0.8,141
8.85,0.21,0.01,999
9.16,0,0,985
10.88,0,0,191
11.77,0,0,746
9.98,0,0,366
0,0,0,833
12.08,0,0,1042
11.74,0,0,384
0.29,0.11,0.03,643
8.76,0,0,898
9.46,0,0,590
13.3,0,0,145
11.3,0,0.1,276
13.07,0,0,255
30.6,5.1,5.4,186
28.85,3.2,4.17,178
22.95,0,0,941
21.6,0,0,662
25.88,0,0,330
50.8,0,0,1025
45.6,0,0,839
40,4,0,34
47.2,0,0,871
45.6,0,0,1049
40,0.4,0.4,419
48.4,0,0,589
46,0,0,353
52.8,0,0,460
42.8,0,0,811
52,0,0,1043
24,0,0,250
67.6,0.4,0,283
10.8,1.8,2,205
99.7,0,0,1037
84.8,4,2.8,58
12.7,3.1,1.6,107
70,11,11,650
36,2.4,1.6,459
21.2,0.4,0,812
87.64,7.59,1.6,994
77.4686,9.7152,2.6818,778
85.1851,11.4219,1.3468,980
68.59,9.06,0.27,147
62.99,17.22,5.72,646
79.8,14.14,3.61,367
73.53,6.87,0.16,945
45.95,11.14,2.54,465
51.76,11.61,2.87,36
51.93,17.56,4.73,1066
84.42,20.58,1.3,372
74.52,15.86,3.13,966
60.77,46.75,3.23,54
101.24,18.45,3.43,946
93.77,20.5,1.27,709
143.42,60.34,13.19,793
72.8,37.32,3.49,1075
56.34,7.33,2.63,830
73.54,5.8,0.2,169
118.88,19.47,3.84,322
107.84,26.39,5.58,709
84.76,30.89,4.29,475
84.54,23.33,4.4,465
101.52,36.71,1.54,929
27.04,15.83,8.88,459
64.44,16.16,4,922
56.58,19.74,3.81,114
69.45,9.52,1.29,374
70.04,6.31,0.26,98
93.46,28.56,11.33,770
51.99,15.61,1.96,350
126.22,12.02,2.12,2
82.14,25.98,5.5,1053
79,25.85,0.87,629
62.49,5.89,0.2,727
59.63,11.56,1.38,517
68.76,19.16,2.31,934
58.65,10.59,0.44,762
141.85,22.11,2.27,269
79.22,44.3,16.07,12
73.17,20.08,2.72,270
104.86,28.81,2.06,5
69.71,5.67,0.28,490
93.97,12.3,0.23,152
50.65,17.5,3.49,940
50.89,11.86,2,158
75.68,10.63,1.12,523
74.61,12.89,2.76,728
74.73,12.26,2.18,655
59.67,16.86,6.55,891
99.53,14.94,2.09,926
85.22,11.34,0.91,584
71.66,14.98,1.33,496
64.51,6.56,0.21,72
95.37,10.09,1.5,180
76.84,14.47,0.45,607
89.48,7.14,0.41,535
80.14,6.53,0.25,988
34.112,3.661,0.454,177
98.9,10.3,0.9,701
58.6,27.6,2.7,1030
78.747,17.433,0.652,674
74.7,66.4,8.4,428
73.947,26.962,3.395,321
90.7,16.6,2.4,509
54.3,9,1.1,4
128.6,14.8,1.5,489
81.778,14.614,0.346,769
98.7,24.6,3.9,1017
85.754,26.237,6.333,120
78.422,16.804,0.553,191
96.281,14.467,3.407,832
61.451,9.616,2.791,301
77.547,27.069,1.056,637
76.431,25.423,1.512,319
42.6,21.8,2.3,598
62.518,15.978,2.526,257
95.601,18.214,2.788,708
32.547,3.998,0.53,34
80.2,11.9,2.4,934
74.318,18.571,2.828,85
71.037,18.883,1.835,939
82.321,11.952,0.423,621
120.057,15.236,8.557,423
104.937,44.12,4.066,849
97.351,30.088,5.178,821
80.681,16.52,2.912,587
102.931,29.201,3.407,106
31.953,3.941,0.596,24
109.156,23.425,1.097,453
89.227,12.33,2.138,526
77.923,13.712,0.45,578
100.449,42.037,5.408,179
90.459,25.105,5.38,795
103.3,30.21,2.897,580
103.3,8,0,891
90.459,15,4,360
95.37,4.82,1.79,185
8.55,21.3,10.35,284
1.43,27.14,14.64,580
6,18,8.4,887
1.07,32.14,11.07,716
4.29,21.43,12.86,553
3,19.5,13.5,595
4.5,24,13.5,1026
3,9,8.7,348
3,18,15,724
1.5,19.5,19.5,743
0.6,1.8,1.35,419
3,19.5,16.5,873
3,15,16.5,999
3,18,21,563
6,15,12,717
4.5,18,12,874
3,9,8.7,931
1.5,19.5,40.5,239
13.5,21,24,854
1.5,19.5,40.5,959
3,36,0,583
19.5,24,127.5,233
7.5,21,54,711
3,22.5,36,214
3,10.5,1.91,593
1.5,19.5,40.5,365
5,35,23.5,307
6,27,1.65,617
1.76,29.12,18.53,172
13.5,21,24,48
5,25,35,322
1.05,19.5,40.5,887
19.5,24,37.5,662
10.5,24,42,527
10.5,24,15,650
7.5,28.5,19.5,642
1.5,19.5,40.5,559
4.5,40.5,0,403
15,21,46.5,855
5.81,29.04,9.2,560
4.5,28.5,7.5,140
12,42,7.65,570
4,32,10,409
1.5,19.5,40.5,41
1.5,25.5,40.5,1030
3,31.5,18,953
4.5,25.5,18,340
0,25,45,498
4.5,33,6.75,970
1.5,22.5,37.5,845
4.5,27,10.5,266
0,22.5,36,573
0,25.56,0,582
6,21,36,946
3,28.5,21,720
1.05,19.5,40.5,933
1.05,25.5,31.5,477
0,42,3,717
3,36,2.1,218
3,27,25.5,385
19.5,24,37.5,239
10.5,24,42,896
3.15,23.7,40.8,140
9.38,30,22.5,930
1.05,19.5,40.5,67
3,22.5,36,636
1.5,19.5,40.5,451
5,35,0,11
4.5,26.55,14.55,146
3,37.5,2.1,121
7.5,21,54,445
8.75,12.5,36.25,226
1.46,36.78,2.64,37
0.26,41.37,2.07,944
0.56,44.58,2.87,813
15,24,19.5,1060
1.05,40.5,1.5,1090
3,30,21,1082
15,24,19.5,239
6,33,16.5,97
13.5,21,24,734
6,37.5,0,669
10.5,25.5,13.5,56
0,45,1.95,281
3,46.5,2.25,1016
0,35,0,77
4.5,27,27,859
5.63,31.88,2.25,124
1.5,22.5,37.5,653
1.05,31.5,1.65,204
5,40,12.5,845
1.5,36,1.35,710
6,22.5,142.5,913
7.5,24,30,954
3,27,25.5,1071
15,22.5,27,199
2.07,38.04,1.76,713
1.64,34.36,10.91,378
1.5,22.5,37.5,344
25.5,24,16.5,24
6.75,23.55,22.5,884
15,24,19.5,366
40.5,3,21,269
1.11,37.94,1.22,154
25.5,23.4,17.85,286
19.5,19.5,34.5,890
5,25,30,704
2.81,29.06,36.56,514
9,21,37.5,640
15,21,46.5,412
14.48,28.2,76.05,833
22.5,22.5,60,973
1.29,38.76,1.61,984
1.04,38.54,2.55,829
0.35,43.91,2.28,1055
12,21,39,30
15,25.5,2.25,351
12,25.5,24,641
0,22.5,10.5,161
4.5,24,34.5,932
3.25,22,18.5,97
1.5,57,39,838
5,20,25,568
5,25,40,10
3,22.5,36,156
19.5,24,37.5,372
4.34,36.84,2.33,66
6,22.5,46.5,745
12.45,22.2,21.6,683
6,31.5,1.35,865
9,21,37.5,44
14.25,28.5,13.5,922
1.5,22.5,37.5,206
3,31.5,13.5,977
0.15,37.2,1.95,675
4.5,28.5,16.5,227
3.75,36,36,789
1.35,40.5,40.5,16
1.8,22.5,39,283
19.5,24,37.5,280
7.5,22.5,30,615
12,31.5,14.25,314
0,35,2.5,1069
9,21,37.5,471
4.5,24,33,545
7.5,21,55.5,472
4.5,19.5,48,84
0.38,45.11,2.07,1005
7.5,33,1.2,774
3.75,26.7,23.4,925
1.35,40.5,1.2,1013
3.5,30,5,128
4.82,40.08,2.25,598
1.19,40.49,2.81,178
0,40,4.5,636
3,31.85,1.82,1065
4.5,30,16.5,985
5.69,38.85,2.46,700
1.5,40.5,2.25,522
4.5,30,9,562
1.5,37.5,3.3,665
3,28.5,18,567
0,40,4,206
3.5,25,19,350
3,31.5,4.2,105
2.14,36.43,5.14,172
5.36,37.5,1.18,282
2.14,36.43,1.18,663
7.5,35.36,1.18,746
5.36,35.36,2.14,623
3.21,37.5,1.82,366
2.31,35.77,1.15,607
3.46,40.38,3.46,827
0,36.92,0.92,850
0.81,33.46,5.08,831
1.65,26.25,25.5,363
7.8,21,59.1,1089
3.46,36.92,3.69,474
3.46,40.38,3.46,665
11.25,31.88,1.5,165
13.13,30,1.31,710
1.69,26.25,25.5,474
4.95,25.47,33.25,81
2.73,38.18,1.23,138
2.73,35.45,1.23,70
0,24,1.35,965
1.76,29.12,18.53,147
6,27,1.65,887
